Symbol,Name,Last Sale,Net Change,% Change,Market Cap,Country,IPO Year,Volume,Sector,Industry
A,Agilent Technologies Inc. Common Stock,$115.55,1.13,0.988%,32654697729.00,United States,1999,1496074,Industrials,Biotechnology: Laboratory Analytical Instruments
AA,Alcoa Corporation Common Stock ,$66.01,0.64,0.979%,17417563097.00,United States,2016,2422443,Industrials,Aluminum
ABBV,AbbVie Inc. Common Stock,$198.71,-2.24,-1.115%,351470771934.00,United States,2012,7605036,Health Care,Biotechnology: Pharmaceutical Preparations
ABEV,Ambev S.A. American Depositary Shares (Each representing 1 Common Share),$2.88,-0.06,-2.041%,45393519617.00,Brazil,2013,25851911,Consumer Staples,Beverages (Production/Distribution)
ABT,Abbott Laboratories Common Stock,$91.13,-1.35,-1.46%,158717231936.00,United States,,12795113,Health Care,Biotechnology: Pharmaceutical Preparations
ACM,AECOM Common Stock,$80.37,-0.09,-0.112%,10390926711.00,United States,2007,1231029,Consumer Discretionary,Military/Government/Technical
ACN,Accenture plc Class A Ordinary Shares (Ireland),$178.36,0.08,0.045%,118634734254.00,Ireland,2001,4567591,Real Estate,Real Estate
ADM,Archer-Daniels-Midland Company Common Stock,$69.23,-0.80,-1.142%,33361597773.00,United States,,1934063,Consumer Staples,Packaged Foods
AEE,Ameren Corporation Common Stock,$111.12,-0.93,-0.83%,30741705695.00,United States,,1267982,Utilities,Power Generation
AEG,Aegon Ltd. New York Registry Shares,$8.02,0.06,0.754%,15309783090.00,Netherlands,,4686932,Finance,Life Insurance
AEM,Agnico Eagle Mines Limited Common Stock,$200.23,1.27,0.638%,100313120176.00,Canada,,2148450,Basic Materials,Precious Metals
AER,AerCap Holdings N.V. Ordinary Shares,$138.08,-1.02,-0.733%,24722359481.00,Netherlands,2006,1426180,Consumer Discretionary,Diversified Commercial Services
AES,The AES Corporation Common Stock,$14.49,-0.01,-0.069%,10332407817.00,United States,,18136609,Utilities,Electric Utilities: Central
AFG,American Financial Group Inc. Common Stock,$130.28,-1.95,-1.475%,10824482513.00,United States,,435389,Finance,Property-Casualty Insurers
AFL,AFLAC Incorporated Common Stock,$114.62,-0.50,-0.434%,59186266588.00,United States,,1852689,Finance,Accident &Health Insurance
AG,First Majestic Silver Corp. Ordinary Shares (Canada),$20.56,0.31,1.531%,10138902662.00,Canada,,9396571,Basic Materials,Precious Metals
AGI,Alamos Gold Inc. Class A Common Shares,$45.16,1.18,2.683%,18961816793.00,Canada,2015,3011751,Basic Materials,Precious Metals
AIG,American International Group Inc. New Common Stock,$75.14,-1.19,-1.559%,40189889098.00,United States,,3506565,Finance,Life Insurance
AIT,Applied Industrial Technologies Inc. Common Stock,$293.35,-1.05,-0.357%,10942670774.00,United States,,212623,Consumer Discretionary,Industrial Specialties
AIZ,Assurant Inc. Common Stock,$229.80,-0.66,-0.286%,11422189697.00,United States,2004,483832,Finance,Property-Casualty Insurers
AJG,Arthur J. Gallagher & Co. Common Stock,$215.38,-3.99,-1.819%,55328550794.00,United States,,1228811,Finance,Specialty Insurers
ALB,Albemarle Corporation Common Stock,$188.33,-4.81,-2.49%,22201637429.00,United States,,1853618,Industrials,Major Chemicals
ALC,Alcon Inc. Ordinary Shares,$75.80,-0.06,-0.079%,37877260000.00,Switzerland,2019,752312,Health Care,Ophthalmic Goods
ALL,Allstate Corporation (The) Common Stock,$212.88,-3.68,-1.699%,54971430179.00,United States,,1070658,Finance,Property-Casualty Insurers
ALLE,Allegion plc Ordinary Shares,$146.10,-1.32,-0.895%,12555213806.00,United States,2013,767201,Consumer Discretionary,Diversified Commercial Services
ALLY,Ally Financial Inc. Common Stock,$44.18,-0.84,-1.866%,13603828020.00,United States,2014,2922501,Finance,Major Banks
ALSN,Allison Transmission Holdings Inc. Common Stock,$135.51,-0.49,-0.36%,11264867569.00,United States,2012,804460,Consumer Discretionary,Auto Parts:O.E.M.
AM,Antero Midstream Corporation Common Stock,$21.37,-0.01,-0.047%,10109740970.00,United States,2017,2129438,Utilities,Natural Gas Distribution
AMCR,Amcor plc Ordinary Shares,$38.95,-0.69,-1.741%,17996679626.00,United Kingdom,2019,3661897,Consumer Discretionary,Miscellaneous manufacturing industries
AME,AMETEK Inc.,$232.95,-2.05,-0.872%,53360791686.00,United States,,904860,Industrials,Industrial Machinery/Components
AMH,American Homes 4 Rent Common Shares of Beneficial Interest,$30.55,-0.06,-0.196%,11113961262.00,United States,2013,2426055,Real Estate,Real Estate Investment Trusts
AMP,Ameriprise Financial Inc. Common Stock,$464.12,4.49,0.977%,42090889176.00,United States,,1197036,Finance,Investment Managers
AMRZ,Amrize Ltd Ordinary Shares,$57.55,1.12,1.985%,31851054464.00,Switzerland,2025,2311462,Industrials,Building Materials
AMT,American Tower Corporation (REIT) Common Stock,$178.21,-0.80,-0.447%,83111809818.00,United States,,3064511,Real Estate,Real Estate Investment Trusts
AMX,America Movil S.A.B. de C.V. American Depositary Shares (each representing the right to receive twenty (20) Series B Shares,$26.64,0.60,2.304%,80905680000.00,Mexico,2023,2918041,Telecommunications,Telecommunications Equipment
ANET,Arista Networks Inc. Common Stock,$176.91,4.36,2.527%,222759665277.00,United States,,7506016,Telecommunications,Computer Communications Equipment
AON,Aon plc Class A Ordinary Shares (Ireland),$321.14,-2.42,-0.748%,68805688845.00,United States,,761208,Finance,Specialty Insurers
APD,Air Products and Chemicals Inc. Common Stock,$301.76,-1.89,-0.622%,67188676974.00,United States,,744087,Basic Materials,Major Chemicals
APG,APi Group Corporation Common Stock,$48.60,-0.34,-0.695%,21021681946.00,United States,2020,2158964,Consumer Discretionary,Engineering & Construction
APH,Amphenol Corporation Common Stock,$149.71,-0.47,-0.313%,184058071444.00,United States,,4661970,Technology,Electrical Products
APO,Apollo Global Management Inc. (New) Common Stock,$124.26,-0.51,-0.409%,71853014220.00,United States,,3429745,Finance,Investment Managers
APOS,Apollo Global Management Inc. 7.625% Fixed-Rate Resettable Junior Subordinated Notes due 2053,$25.83,0.01,0.039%,14711070220.00,United States,1987,16460,Finance,Investment Managers
APTV,Aptiv PLC Ordinary Shares,$60.10,-0.31,-0.513%,12809793633.00,United Kingdom,,1762458,Consumer Discretionary,Auto Parts:O.E.M.
AQNB,Algonquin Power & Utilities Corp. 6.20% Fixed-to-Floating Subordinated Notes Series 2019-A due July 1 2079,$25.97,0.08,0.309%,19945609276.00,United States,2019,6257,Utilities,Electric Utilities: Central
AR,Antero Resources Corporation Common Stock,$37.84,-0.36,-0.942%,11674586000.00,United States,2013,3153739,Energy,Oil & Gas Production
ARES,Ares Management Corporation Class A Common Stock,$115.23,0.45,0.392%,37605648470.00,United States,2014,1615737,Finance,Investment Managers
ARMK,Aramark Common Stock,$46.28,0.11,0.238%,12164050034.00,United States,2013,2133771,Consumer Discretionary,Restaurants
AS,Amer Sports Inc. Ordinary Shares,$35.84,-0.03,-0.084%,19986799150.00,,2024,2435364,Consumer Discretionary,Apparel
ASX,ASE Technology Holding Co. Ltd. American Depositary Shares (each representing Two Common Shares) ,$32.00,2.19,7.347%,71260761312.00,Taiwan,2018,10796461,Technology,Semiconductors
ATI,ATI Inc. Common Stock,$154.26,0.21,0.136%,21050688281.00,United States,,2011643,Industrials,Steel/Iron Ore
ATO,Atmos Energy Corporation Common Stock,$185.45,-2.36,-1.257%,30680652536.00,United States,,617520,Utilities,Oil/Gas Transmission
AU,AngloGold Ashanti PLC Ordinary Shares,$99.30,2.54,2.625%,50000236264.00,South Africa,,1797900,Basic Materials,Precious Metals
AVB,AvalonBay Communities Inc. Common Stock,$172.38,-0.97,-0.56%,23979994862.00,United States,,623362,Real Estate,Real Estate Investment Trusts
AVY,Avery Dennison Corporation Common Stock,$165.50,-1.93,-1.153%,12729768631.00,United States,,464391,Consumer Discretionary,Containers/Packaging
AWK,American Water Works Company Inc. Common Stock,$132.42,-2.55,-1.889%,25858992696.00,United States,2008,1780466,Utilities,Water Supply
AXIA,AXIA Energia American Depositary Shares (Each representing one Common Share),$12.61,-0.05,-0.395%,35716479589.00,Brazil,2016,1786952,Utilities,Electric Utilities: Central
AXP,American Express Company Common Stock,$314.08,-4.47,-1.403%,215390871001.00,United States,,2967452,Finance,Finance: Consumer Services
AZN,AstraZeneca PLC Ordinary Shares,$189.75,-2.55,-1.326%,588500467286.00,United Kingdom,2026,2387260,Health Care,Biotechnology: Pharmaceutical Preparations
AZO,AutoZone Inc. Common Stock,$3577.91,-19.29,-0.536%,58952579046.00,United States,,271600,Consumer Discretionary,Auto & Home Supply Stores
B,Barrick Mining Corporation Common Shares,$41.09,0.89,2.214%,68846638512.00,Canada,,11873008,Basic Materials,Precious Metals
BA,Boeing Company (The) Common Stock,$232.44,-1.71,-0.73%,183232993818.00,United States,,5730081,Industrials,Aerospace
BABA,Alibaba Group Holding Limited American Depositary Shares each representing eight Ordinary share,$135.82,4.12,3.128%,313646336800.00,China,2014,9015440,Real Estate,Real Estate
BAC,Bank of America Corporation Common Stock,$52.05,-0.42,-0.80%,371934162871.00,United States,,30262948,Finance,Major Banks
BALL,Ball Corporation Common Stock,$61.32,-1.80,-2.852%,16320505517.00,United States,,2828373,Industrials,Containers/Packaging
BAM,Brookfield Asset Management Inc Class A Limited Voting Shares,$47.57,-0.23,-0.481%,77928640931.00,,2022,2361106,Consumer Discretionary,Other Consumer Services
BAP,Credicorp Ltd. Common Stock,$323.65,0.16,0.049%,30546836897.00,Peru,,314537,Finance,Commercial Banks
BBD,Banco Bradesco Sa American Depositary Shares,$3.94,0.00,0.00%,41673427390.00,Brazil,,24398376,Finance,Major Banks
BBDO,Banco Bradesco Sa American Depositary Shares (each representing one Common Share),$3.52,0.02,0.571%,37231082339.00,Brazil,,40067,Finance,Major Banks
BBVA,Banco Bilbao Vizcaya Argentaria S.A. Common Stock,$21.87,0.25,1.156%,124855145469.00,Spain,,1108106,Finance,Commercial Banks
BBY,Best Buy Co. Inc. Common Stock,$60.45,-1.05,-1.707%,12640855280.00,United States,,3096065,Consumer Discretionary,Consumer Electronics/Video Chains
BCE,BCE Inc. Common Stock,$23.88,-0.22,-0.913%,22268716510.00,Canada,,2103102,Telecommunications,Telecommunications Equipment
BCH,Banco De Chile ADS,$38.53,0.77,2.039%,19460940693.00,Chile,,193872,Finance,Commercial Banks
BCS,Barclays PLC Common Stock,$22.95,0.18,0.791%,79786203676.00,United Kingdom,,5211810,Finance,Commercial Banks
BDX,Becton Dickinson and Company Common Stock,$152.14,-2.71,-1.75%,43320618821.00,United States,,2008781,Health Care,Medical/Dental Instruments
BE,Bloom Energy Corporation Class A Common Stock,$231.17,-6.40,-2.694%,65284740043.00,United States,2018,6548929,Energy,Industrial Machinery/Components
BEKE,KE Holdings Inc American Depositary Shares (each representing three Class A Ordinary Shares),$16.18,0.38,2.405%,18829218078.00,China,2020,2918930,Finance,Real Estate
BEN,Franklin Resources Inc. Common Stock,$27.12,0.30,1.119%,14123104710.00,United States,,6387745,Finance,Investment Managers
BEP,Brookfield Renewable Partners L.P. Limited Partnership Units,$34.19,0.29,0.855%,23251958928.00,Canada,,414772,Utilities,Electric Utilities: Central
BG,Bunge Limited Common Shares,$124.90,-1.52,-1.202%,24156741134.00,United States,,860322,Consumer Staples,Packaged Foods
BHP,BHP Group Limited American Depositary Shares (Each representing two Ordinary Shares),$79.82,-0.02,-0.025%,202699424854.00,Australia,,1632534,Energy,Coal Mining
BIP,Brookfield Infrastructure Partners LP Limited Partnership Units,$36.22,0.35,0.976%,16678903901.00,Bermuda,,441173,Consumer Discretionary,Marine Transportation
BIPJ,Brookfield Infrastructure Corporation 7.250% Subordinated Notes due 2084,$24.58,-0.21,-0.847%,11339834832.00,Canada,2024,9686,Utilities,Oil & Gas Production
BJ,BJ's Wholesale Club Holdings Inc. Common Stock,$94.31,-2.65,-2.733%,12229799014.00,United States,2018,1160460,Consumer Discretionary,Department/Specialty Retail Stores
BK,The Bank of New York Mellon Corporation Common Stock,$134.05,-1.37,-1.012%,92256826937.00,United States,,2790167,Finance,Major Banks
BLD,TopBuild Corp. Common Stock,$453.71,-11.53,-2.478%,12769730108.00,United States,2015,815925,Consumer Discretionary,Engineering & Construction
BLK,BlackRock Inc. Common Stock,$1044.97,-8.50,-0.807%,162351480863.00,United States,1999,365851,Finance,Investment Bankers/Brokers/Service
BMNR,BitMine Immersion Technologies Inc. Common Stock,$22.14,0.14,0.636%,11903102053.00,United States,2025,25893392,Finance,Finance: Consumer Services
BMO,Bank Of Montreal Common Stock,$152.15,0.52,0.343%,107253564763.00,Canada,,567963,Finance,Commercial Banks
BMY,Bristol-Myers Squibb Company Common Stock,$58.71,-0.31,-0.525%,119870288563.00,United States,,6822279,Health Care,Biotechnology: Pharmaceutical Preparations
BN,Brookfield Corporation Class A Limited Voting Shares,$45.48,0.12,0.265%,101744620507.00,Canada,1925,3290440,Real Estate,Building operators
BNH,Brookfield Finance Inc. 4.625% Subordinated Notes due October 16 2080,$15.5704,-0.1496,-0.952%,23477001848.00,Canada,2020,34947,Real Estate,Building operators
BNJ,Brookfield Finance Inc. 4.50% Perpetual Subordinated Notes,$15.15,0.09,0.598%,22843124005.00,Canada,2020,6159,Real Estate,Building operators
BNS,Bank Nova Scotia Halifax Pfd 3 Ordinary Shares,$75.71,0.75,1.001%,93311328813.00,Canada,,2095200,Finance,Major Banks
BNT,Brookfield Wealth Solutions Ltd. Class A Exchangeable Limited Voting Shares,$45.51,0.16,0.353%,15139264897.00,,2021,12367,Finance,Property-Casualty Insurers
BP,BP p.l.c. Common Stock,$46.25,-0.10,-0.216%,120653320581.00,United Kingdom,,6154980,Energy,Integrated oil Companies
BR,Broadridge Financial Solutions Inc. Common Stock,$155.07,-0.88,-0.564%,18104223235.00,United States,,998382,Real Estate,Real Estate
BRO,Brown & Brown Inc. Common Stock,$65.90,-1.65,-2.443%,22376950687.00,United States,,2158621,Finance,Specialty Insurers
BSAC,Banco Santander - Chile ADS,$33.94,0.50,1.495%,15989653859.00,Chile,,474187,Finance,Commercial Banks
BSBR,Banco Santander Brasil SA American Depositary Shares each representing one unit,$5.97,0.02,0.336%,44603052842.00,Brazil,2009,671074,Finance,Commercial Banks
BSX,Boston Scientific Corporation Common Stock,$62.07,-3.62,-5.511%,92246892616.00,United States,,17683747,Health Care,Medical/Dental Instruments
BTI,British American Tobacco  Industries p.l.c. Common Stock ADR,$58.09,0.81,1.414%,126743380349.00,United Kingdom,1998,3732387,Health Care, Medicinal Chemicals and Botanical Products 
BUD,Anheuser-Busch Inbev SA Sponsored ADR (Belgium),$72.57,0.35,0.485%,130422803565.00,Belgium,,1186217,Consumer Staples,Beverages (Production/Distribution)
BURL,Burlington Stores Inc. Common Stock,$331.77,2.15,0.652%,20845199010.00,United States,2013,410048,Consumer Discretionary,Department/Specialty Retail Stores
BWA,BorgWarner Inc. Common Stock,$56.29,0.15,0.267%,11599201160.00,United States,,1739311,Consumer Discretionary,Auto Parts:O.E.M.
BWXT,BWX Technologies Inc. Common Stock,$223.15,-2.36,-1.047%,20443199948.00,United States,,857636,Industrials,Industrial Machinery/Components
BX,Blackstone Inc. Common Stock,$121.65,-0.68,-0.556%,90286286656.00,United States,2007,4976067,Finance,Investment Managers
C,Citigroup Inc. Common Stock,$127.98,-0.53,-0.412%,223651065188.00,United States,,6834359,Finance,Major Banks
CACI,CACI International Inc. Class A Common Stock,$516.54,-9.95,-1.89%,11408185702.00,United States,,434046,Technology,EDP Services
CAH,Cardinal Health Inc. Common Stock,$199.85,-4.87,-2.379%,47027905798.00,United States,,1401438,Health Care,Other Pharmaceuticals
CARR,Carrier Global Corporation Common Stock ,$60.97,-0.57,-0.926%,50961401486.00,United States,2020,5582400,Industrials,Industrial Machinery/Components
CAT,Caterpillar Inc. Common Stock,$830.79,-4.45,-0.533%,386556062552.00,United States,,2213441,Industrials,Construction/Ag Equipment/Trucks
CAVA,CAVA Group Inc. Common Stock,$95.68,2.57,2.76%,11135024555.00,United States,2023,2451549,Consumer Discretionary,Restaurants
CB,Chubb Limited  Common Stock,$326.12,-6.76,-2.031%,127261490937.00,Switzerland,,1885328,Finance,Property-Casualty Insurers
CBRE,CBRE Group Inc Common Stock Class A,$148.29,-1.02,-0.683%,43469841521.00,United States,,1778092,Finance,Real Estate
CCI,Crown Castle Inc. Common Stock,$86.34,-1.18,-1.348%,37675956654.00,United States,,2893823,Real Estate,Real Estate Investment Trusts
CCJ,Cameco Corporation Common Stock,$122.15,-1.70,-1.373%,53200353263.00,Canada,1996,2285231,Basic Materials,Other Metals and Minerals
CCK,Crown Holdings Inc.,$101.13,-1.75,-1.701%,11351029617.00,United States,,889251,Industrials,Containers/Packaging
CCL,Carnival Corporation Common Stock,$27.17,0.52,1.951%,38799190617.00,United States,1987,17343154,Consumer Discretionary,Marine Transportation
CCZ,Comcast Holdings ZONES,$64.54,0.00,0.00%,232204980453.00,United States,,3,Telecommunications,Cable & Other Pay Television Services
CDE,Coeur Mining Inc. Common Stock,$19.31,0.45,2.386%,12393967900.00,United States,,11432257,Basic Materials,Precious Metals
CF,CF Industries Holdings Inc. Common Stock,$120.93,-4.66,-3.71%,18576835364.00,United States,2005,2842918,Industrials,Agricultural Chemicals
CFG,Citizens Financial Group Inc. Common Stock,$63.79,-1.38,-2.118%,27109707480.00,United States,2014,3845669,Finance,Major Banks
CHD,Church & Dwight Company Inc. Common Stock,$95.02,0.44,0.465%,22507871432.00,United States,,2133755,Consumer Discretionary,Package Goods/Cosmetics
CHT,Chunghwa Telecom Co. Ltd.,$43.05,-0.13,-0.301%,33395807355.00,Taiwan,,97607,Telecommunications,Telecommunications Equipment
CHWY,Chewy Inc. Class A Common Stock,$26.02,0.37,1.442%,10841934603.00,United States,2019,5803719,Consumer Discretionary,Catalog/Specialty Distribution
CI,The Cigna Group Common Stock,$275.64,-4.08,-1.459%,72638934272.00,United States,,1594690,Health Care,Medical Specialities
CIEN,Ciena Corporation Common Stock,$520.80,4.95,0.96%,73640300782.00,United States,1997,1417923,Utilities,Telecommunications Equipment
CL,Colgate-Palmolive Company Common Stock,$84.65,0.93,1.111%,67824925707.00,United States,,5604027,Consumer Discretionary,Package Goods/Cosmetics
CLH,Clean Harbors Inc. Common Stock,$308.99,-1.33,-0.429%,16473326623.00,United States,,314090,Industrials,Environmental Services
CLS,Celestica Inc. Common Stock,$410.21,18.61,4.752%,47160963389.00,Canada,1998,2027685,Technology,Electrical Products
CLX,Clorox Company (The) Common Stock,$98.68,1.02,1.044%,11931582641.00,United States,,2059853,Consumer Discretionary,Specialty Chemicals
CM,Canadian Imperial Bank of Commerce Common Stock,$109.52,0.97,0.894%,100816914674.00,Canada,,844032,Finance,Commercial Banks
CMG,Chipotle Mexican Grill Inc. Common Stock,$34.21,0.31,0.914%,44555890830.00,United States,2006,12482513,Consumer Discretionary,Restaurants
CMI,Cummins Inc. Common Stock,$660.75,3.82,0.581%,91353590265.00,United States,,527155,Industrials,Industrial Machinery/Components
CMS,CMS Energy Corporation Common Stock,$76.27,-0.35,-0.457%,23490904877.00,United States,,3292676,Utilities,Power Generation
CNA,CNA Financial Corporation Common Stock,$48.18,-0.57,-1.169%,13004667115.00,United States,,386145,Finance,Property-Casualty Insurers
CNC,Centene Corporation Common Stock,$41.82,0.73,1.777%,20565925657.00,United States,,6472623,Health Care,Medical Specialities
CNH,CNH Industrial N.V. Common Shares,$10.25,-0.25,-2.381%,12716898383.00,United Kingdom,2013,13665116,Industrials,Construction/Ag Equipment/Trucks
CNI,Canadian National Railway Company Common Stock,$114.60,0.55,0.482%,69995544085.00,Canada,,1243354,Industrials,Railroads
CNP,CenterPoint Energy Inc (Holding Co) Common Stock,$42.47,-0.71,-1.644%,27727456172.00,United States,,4289557,Utilities,Electric Utilities: Central
CNQ,Canadian Natural Resources Limited Common Stock,$44.24,-1.19,-2.619%,92283401280.00,Canada,,34304357,Energy,Oil & Gas Production
COF,Capital One Financial Corporation Common Stock,$191.39,-5.24,-2.665%,119638323647.00,United States,1994,4927426,Finance,Major Banks
COHR,Coherent Corp. Common Stock,$336.09,-1.59,-0.471%,63010775639.00,United States,,5289998,Technology,Electronic Components
COP,ConocoPhillips Common Stock,$121.76,-2.61,-2.099%,148645554440.00,United States,,10967724,Energy,Integrated oil Companies
COR,Cencora Inc. Common Stock,$308.19,-3.20,-1.028%,59952410886.00,United States,,1610339,Health Care,Other Pharmaceuticals
CP,Canadian Pacific Kansas City Limited Common Shares,$86.89,0.71,0.824%,77966718841.00,Canada,,3355418,Industrials,Railroads
CPAY,Corpay Inc. Common Stock,$312.91,-0.56,-0.179%,20693360991.00,United States,,343000,Real Estate,Real Estate
CPNG,Coupang Inc. Class A Common Stock,$20.51,-0.07,-0.34%,37496208814.00,United States,2021,15062274,Consumer Discretionary,Catalog/Specialty Distribution
CPT,Camden Property Trust Common Stock,$101.75,-0.68,-0.664%,10655922494.00,United States,1993,859388,Real Estate,Real Estate Investment Trusts
CQP,Cheniere Energy Partners LP Common Units,$62.80,-0.07,-0.111%,30398598924.00,United States,2007,64068,Utilities,Oil/Gas Transmission
CR,Crane Company Common Stock,$180.08,-0.34,-0.188%,10398515569.00,United States,2023,423088,Industrials,Metal Fabrications
CRBG,Corebridge Financial Inc. Common Stock,$26.28,-0.26,-0.98%,12658705215.00,United States,2022,2731465,Finance,Life Insurance
CRCL,Circle Internet Group Inc. Class A Common Stock,$99.66,-0.35,-0.35%,24636990457.00,United States,2025,6599202,Finance,Finance: Consumer Services
CRH,CRH PLC Ordinary Shares,$118.00,0.84,0.717%,78982052976.00,Ireland,,2958372,Industrials,Building Materials
CRM,Salesforce Inc. Common Stock,$178.16,4.86,2.804%,164441680000.00,United States,2004,10805934,Technology,Computer Software: Prepackaged Software
CRS,Carpenter Technology Corporation Common Stock,$427.48,0.82,0.192%,21292657823.00,United States,,413441,Industrials,Steel/Iron Ore
CSL,Carlisle Companies Incorporated Common Stock,$360.07,-3.63,-0.998%,14719040839.00,United States,,1121875,Industrials,Specialty Chemicals
CTRA,Coterra Energy Inc. Common Stock,$33.53,-0.12,-0.357%,25458414134.00,United States,,6363856,Energy,Oil & Gas Production
CTVA,Corteva Inc. Common Stock ,$79.80,0.17,0.213%,53574248860.00,United States,2019,2514212,Consumer Staples,Farming/Seeds/Milling
CUK,Carnival Plc ADS ADS,$27.12,0.52,1.955%,38727789825.00,United States,,2148958,Consumer Discretionary,Marine Transportation
CVE,Cenovus Energy Inc Common Stock,$26.29,-0.16,-0.605%,49415569158.00,Canada,,5268037,Energy,Oil & Gas Production
CVNA,Carvana Co. Class A Common Stock,$409.08,6.06,1.504%,89630753419.00,United States,2017,1593912,Consumer Discretionary,Retail-Auto Dealers and Gas Stations
CVS,CVS Health Corporation Common Stock,$77.94,-0.92,-1.167%,99888247170.00,United States,,7373599,Consumer Staples,Retail-Drug Stores and Proprietary Stores
CVX,Chevron Corporation Common Stock,$185.21,-2.39,-1.274%,368991208568.00,United States,,9621484,Energy,Integrated oil Companies
CW,Curtiss-Wright Corporation Common Stock,$717.53,-7.97,-1.099%,26482002408.00,United States,,110219,Technology,Industrial Machinery/Components
CX,Cemex S.A.B. de C.V. Sponsored ADR,$12.36,-0.15,-1.199%,17931182541.00,Mexico,,5864904,Industrials,Building Materials
D,Dominion Energy Inc. Common Stock,$62.58,0.06,0.096%,55005611990.00,United States,,2930957,Utilities,Electric Utilities: Central
DAL,Delta Air Lines Inc. Common Stock,$68.45,0.08,0.117%,44971246966.00,United States,,5997515,Consumer Discretionary,Air Freight/Delivery Services
DB,Deutsche Bank AG Common Stock,$31.81,0.42,1.338%,60530398528.00,Germany,,2577438,Finance,Major Banks
DCI,Donaldson Company Inc. Common Stock,$88.96,0.99,1.125%,10302835057.00,United States,,1092163,Industrials,Pollution Control Equipment
DD,DuPont de Nemours Inc. Common Stock,$46.33,-0.04,-0.086%,18988548422.00,United States,2017,2704060,Industrials,Major Chemicals
DE,Deere & Company Common Stock,$562.64,-29.31,-4.951%,151973161144.00,United States,,1102086,Industrials,Industrial Machinery/Components
DECK,Deckers Outdoor Corporation Common Stock,$108.53,0.82,0.761%,15405830353.00,United States,1993,1074552,Consumer Discretionary,Shoe Manufacturing
DELL,Dell Technologies Inc. Class C Common Stock ,$216.09,3.95,1.862%,139539782777.00,United States,2018,4617355,Technology,Computer Manufacturing
DEO,Diageo plc Common Stock,$79.29,-0.08,-0.101%,44133063367.00,United Kingdom,,632999,Consumer Staples,Beverages (Production/Distribution)
DG,Dollar General Corporation Common Stock,$120.71,-1.35,-1.106%,26583519087.00,United States,2009,1850419,Consumer Discretionary,Department/Specialty Retail Stores
DGX,Quest Diagnostics Incorporated Common Stock,$196.27,-3.26,-1.634%,21726388120.00,United States,,1039101,Health Care,Medical Specialities
DHI,D.R. Horton Inc. Common Stock,$159.90,-4.32,-2.631%,46323572861.00,United States,,2222832,Consumer Discretionary,Homebuilding
DHR,Danaher Corporation Common Stock,$177.25,-1.32,-0.739%,125452343636.00,United States,,6410654,Industrials,Industrial Machinery/Components
DINO,HF Sinclair Corporation Common Stock,$60.26,0.72,1.209%,10863278278.00,United States,1960,1220098,Energy,Natural Gas Distribution
DIS,Walt Disney Company (The) Common Stock,$102.60,-1.05,-1.013%,181757936713.00,United States,,5971831,Consumer Discretionary,Services-Misc. Amusement & Recreation
DKS,Dick's Sporting Goods Inc Common Stock,$225.91,1.45,0.646%,20116127711.00,United States,2002,739836,Consumer Discretionary,Other Specialty Stores
DLR,Digital Realty Trust Inc. Common Stock,$200.00,0.00,0.00%,69791092600.00,United States,2004,4627492,Real Estate,Real Estate Investment Trusts
DOC,Healthpeak Properties Inc. Common Stock,$16.43,0.02,0.122%,11423066924.00,United States,,8275376,Real Estate,Real Estate Investment Trusts
DOV,Dover Corporation Common Stock,$224.78,-3.37,-1.477%,30299546031.00,United States,,1122728,Industrials,Industrial Machinery/Components
DOW,Dow Inc. Common Stock ,$38.66,0.13,0.337%,27820484960.00,United States,2019,12628593,Industrials,Major Chemicals
DRI,Darden Restaurants Inc. Common Stock,$201.06,-1.28,-0.633%,23028407703.00,United States,,909753,Consumer Discretionary,Restaurants
DT,Dynatrace Inc. Common Stock,$35.29,1.00,2.916%,10525281813.00,United States,2019,4884307,Technology,Computer Software: Prepackaged Software
DTE,DTE Energy Company Common Stock,$146.88,-0.52,-0.353%,30555169825.00,United States,,1274658,Utilities,Electric Utilities: Central
DTM,DT Midstream Inc. Common Stock ,$134.65,1.02,0.763%,13736200989.00,United States,2021,743819,Utilities,Natural Gas Distribution
DUK,Duke Energy Corporation (Holding Company) Common Stock,$127.27,-0.77,-0.601%,99031030134.00,United States,,2399694,Utilities,Power Generation
DUKB,Duke Energy Corporation 5.625% Junior Subordinated Debentures due 2078,$24.095,-0.015,-0.062%,18748744174.00,United States,2018,32671,Utilities,Power Generation
DVA,DaVita Inc. Common Stock,$151.85,-3.18,-2.051%,10013648333.00,United States,,680951,Health Care,Misc Health and Biotechnology Services
DVN,Devon Energy Corporation Common Stock,$47.94,-0.21,-0.436%,29792561713.00,United States,1985,10874424,Energy,Oil & Gas Production
DY,Dycom Industries Inc. Common Stock,$410.72,-3.63,-0.876%,12329238981.00,United States,,253044,Industrials,Water Sewer Pipeline Comm & Power Line Construction
E,ENI S.p.A. Common Stock,$54.11,-0.54,-0.988%,85135730159.00,Italy,,625815,Energy,Oil & Gas Production
EC,Ecopetrol S.A. American Depositary Shares,$13.80,-0.63,-4.366%,28370519343.00,Colombia,,2441946,Energy,Oil & Gas Production
ECL,Ecolab Inc. Common Stock,$269.49,-1.96,-0.722%,76110381238.00,United States,,1220085,Consumer Discretionary,Package Goods/Cosmetics
ED,Consolidated Edison Inc. Common Stock,$109.06,-1.19,-1.079%,40180021089.00,United States,,1418005,Utilities,Power Generation
EDU,New Oriental Education & Technology Group Inc. Sponsored ADR representing 10 Ordinary Share (Cayman Islands),$51.70,0.24,0.466%,20569587826.00,China,2006,655941,Real Estate,Other Consumer Services
EFX,Equifax Inc. Common Stock,$172.47,-2.46,-1.406%,20536418380.00,United States,,1940008,Finance,Finance: Consumer Services
EG,Everest Group Ltd. Common Stock,$343.38,-7.43,-2.118%,17079760689.00,Bermuda,,230237,Finance,Property-Casualty Insurers
EGP,EastGroup Properties Inc. Common Stock,$197.86,-2.68,-1.336%,10636009610.00,United States,,754578,Real Estate,Real Estate Investment Trusts
EHC,Encompass Health Corporation Common Stock,$101.98,0.12,0.118%,10138460201.00,United States,,1025601,Health Care,Hospital/Nursing Management
EIX,Edison International Common Stock,$68.86,-1.48,-2.104%,26504623786.00,United States,,3171443,Utilities,Electric Utilities: Central
EL,Estee Lauder Companies Inc. (The) Common Stock,$77.82,1.42,1.859%,28149598486.00,United States,1995,2251295,Consumer Discretionary,Package Goods/Cosmetics
ELAN,Elanco Animal Health Incorporated Common Stock,$22.75,0.36,1.608%,11360882237.00,United States,2018,3884295,Health Care,Biotechnology: Pharmaceutical Preparations
ELS,Equity Lifestyle Properties Inc. Common Stock,$63.29,-0.19,-0.299%,12273675969.00,United States,,1295714,Real Estate,Real Estate Investment Trusts
ELV,Elevance Health Inc. Common Stock,$344.76,-1.53,-0.442%,74868902129.00,United States,,1630574,Health Care,Medical Specialities
EMA,Emera Incorporated Common Shares,$52.58,0.26,0.497%,16078075976.00,Canada,2025,963450,Utilities,Electric Utilities: Central
EMBJ,Embraer S.A. Common Stock,$62.62,-0.44,-0.698%,11314903922.00,Brazil,,1257166,Industrials,Aerospace
EME,EMCOR Group Inc. Common Stock,$869.90,-3.21,-0.368%,38658597832.00,United States,,375638,Industrials,Engineering & Construction
EMR,Emerson Electric Company Common Stock,$141.35,-1.09,-0.765%,79438700000.00,United States,,2455217,Technology,Consumer Electronics/Appliances
ENB,Enbridge Inc Common Stock,$53.30,0.80,1.524%,116318553252.00,Canada,,4051053,Energy,Natural Gas Distribution
EOG,EOG Resources Inc. Common Stock,$133.13,-0.74,-0.553%,71319846318.00,United States,,2984938,Energy,Oil & Gas Production
EPD,Enterprise Products Partners L.P. Common Stock,$38.00,0.16,0.423%,82146905954.00,United States,,3173784,Utilities,Natural Gas Distribution
EQH,Equitable Holdings Inc. Common Stock,$41.10,-0.50,-1.202%,11522296265.00,United States,2018,1697416,Finance,Specialty Insurers
EQNR,Equinor ASA,$37.94,-0.67,-1.735%,94860282878.00,Norway,,2661440,Energy,Integrated oil Companies
EQR,Equity Residential Common Shares of Beneficial Interest,$62.26,-0.39,-0.623%,23327248005.00,United States,,2269238,Real Estate,Real Estate Investment Trusts
EQT,EQT Corporation Common Stock,$58.91,-0.02,-0.034%,36846908980.00,United States,,7986302,Energy,Oil & Gas Production
ES,Eversource Energy (D/B/A) Common Stock,$68.64,-0.13,-0.189%,25798024481.00,United States,,1655759,Utilities,Electric Utilities: Central
ESS,Essex Property Trust Inc. Common Stock,$255.37,0.31,0.122%,16465524433.00,United States,1994,379031,Real Estate,Real Estate Investment Trusts
ET,Energy Transfer LP Common Units ,$19.08,-0.07,-0.366%,65641202091.00,United States,,20313607,Utilities,Natural Gas Distribution
ETN,Eaton Corporation PLC Ordinary Shares,$423.92,-0.58,-0.137%,164474745333.00,Ireland,,2489714,Technology,Industrial Machinery/Components
ETR,Entergy Corporation Common Stock,$113.64,-0.28,-0.246%,52024236654.00,United States,,2755785,Utilities,Electric Utilities: Central
EVR,Evercore Inc. Class A Common Stock,$344.30,-3.68,-1.058%,13636155746.00,United States,2006,627816,Finance,Investment Managers
EW,Edwards Lifesciences Corporation Common Stock,$84.15,4.43,5.557%,48515983466.00,United States,,11816675,Health Care,Industrial Specialties
EXPD,Expeditors International of Washington Inc. Common Stock,$147.56,-2.19,-1.462%,19623120073.00,United States,,772508,Industrials,Integrated Freight & Logistics
EXR,Extra Space Storage Inc Common Stock,$142.09,-0.57,-0.40%,30009027199.00,United States,2004,1277103,Real Estate,Real Estate Investment Trusts
F,Ford Motor Company Common Stock,$12.38,-0.10,-0.801%,49657198391.00,United States,,35005252,Industrials,Auto Manufacturing
FCX,Freeport-McMoRan Inc. Common Stock,$61.05,-0.43,-0.699%,87741158046.00,United States,,17738039,Basic Materials,Metal Mining
FDX,FedEx Corporation Common Stock,$387.98,-4.71,-1.199%,92574649193.00,United States,,858839,Consumer Discretionary,Air Freight/Delivery Services
FE,FirstEnergy Corp. Common Stock,$49.41,-0.21,-0.423%,28578677297.00,United States,,3722164,Utilities,Electric Utilities: Central
FHN,First Horizon Corporation Common Stock,$24.21,-0.50,-2.023%,11563324879.00,United States,,3837605,Finance,Major Banks
FICO,Fair Isaac Corporation Common Stock,$1004.72,24.96,2.548%,23834102472.00,United States,,311452,Real Estate,Real Estate
FIS,Fidelity National Information Services Inc. Common Stock,$45.73,-0.01,-0.022%,23523680652.00,United States,,3286729,Real Estate,Real Estate
FIX,Comfort Systems USA Inc. Common Stock,$1726.12,-47.79,-2.694%,60731749118.00,United States,1997,833542,Industrials,Engineering & Construction
FLS,Flowserve Corporation Common Stock,$83.22,1.31,1.599%,10635134270.00,United States,,2126959,Industrials,Fluid Controls
FLUT,Flutter Entertainment plc Ordinary Shares,$111.57,5.52,5.205%,19544956889.00,Ireland,2024,3685137,Technology,Computer Software: Programming Data Processing
FMS,Fresenius Medical Care AG American Depositary Shares (Each representing 1/2 of an Ordinary Share),$22.77,0.03,0.132%,12718815823.00,Germany,,341560,Health Care,Misc Health and Biotechnology Services
FMX,Fomento Economico Mexicano S.A.B. de C.V. Common Stock,$113.73,0.11,0.097%,39532831756.00,Mexico,,461219,Consumer Staples,Beverages (Production/Distribution)
FN,Fabrinet Ordinary Shares,$720.19,30.73,4.457%,25801611202.00,Cayman Islands,2010,678634,Utilities,Telecommunications Equipment
FNF,Fidelity National Financial Inc. Common Stock,$52.33,0.79,1.533%,14085014068.00,United States,2014,2177126,Finance,Specialty Insurers
FNV,Franco-Nevada Corporation,$242.33,-1.71,-0.701%,46530792604.00,Canada,,584119,Basic Materials,Precious Metals
FPS,Forgent Power Solutions Inc. Class A Common Stock,$35.14,0.52,1.502%,10697631159.00,,2026,3201821,Energy,Industrial Machinery/Components
FTI,TechnipFMC plc Ordinary Share,$74.76,2.32,3.203%,30020572446.00,,,3495621,Consumer Discretionary,Oil and Gas Field Machinery
FTS,Fortis Inc. Common Shares,$56.33,-0.24,-0.424%,28679461608.00,United States,2016,400381,Utilities,Electric Utilities: Central
FTV,Fortive Corporation Common Stock ,$61.09,-0.02,-0.033%,18807117917.00,United States,2016,2850327,Industrials,Industrial Machinery/Components
GD,General Dynamics Corporation Common Stock,$313.21,-5.50,-1.726%,84831632437.00,United States,,1300919,Industrials,Marine Transportation
GDDY,GoDaddy Inc. Class A Common Stock,$86.04,1.27,1.498%,11473788227.00,United States,2015,2171840,Technology,EDP Services
GE,GE Aerospace Common Stock,$284.60,2.26,0.80%,296933777081.00,United States,,9669094,Technology,Consumer Electronics/Appliances
GFI,Gold Fields Limited American Depositary Shares,$45.74,1.78,4.049%,40938409058.00,South Africa,,2187743,Basic Materials,Precious Metals
GFL,GFL Environmental Inc. Subordinate voting shares no par value,$40.41,0.05,0.124%,14512198617.00,Canada,2020,1909777,Utilities,Environmental Services
GGG,Graco Inc. Common Stock,$81.58,-0.60,-0.73%,13539683880.00,United States,,1724967,Industrials,Fluid Controls
GIB,CGI Inc. Common Stock,$72.70,-0.31,-0.425%,15612898894.00,Canada,,418482,Consumer Discretionary,Professional Services
GIL,Gildan Activewear Inc. Class A Sub. Vot. Common Stock,$58.57,-1.27,-2.122%,10845845414.00,Canada,2000,953867,Consumer Discretionary,Apparel
GIS,General Mills Inc. Common Stock,$34.97,-0.50,-1.41%,18662832193.00,United States,,6333233,Consumer Staples,Packaged Foods
GL,Globe Life Inc. Common Stock,$152.56,-1.41,-0.916%,11968062579.00,United States,,681605,Finance,Life Insurance
GLW,Corning Incorporated Common Stock,$175.89,6.39,3.77%,150904492892.00,United States,,10187352,Industrials,Telecommunications Equipment
GM,General Motors Company Common Stock,$78.05,-0.47,-0.599%,70374295913.00,United States,2010,6121754,Industrials,Auto Manufacturing
GME,GameStop Corporation Common Stock,$24.95,-0.06,-0.24%,11186960167.00,United States,2002,5095516,Consumer Discretionary,Electronics Distribution
GMED,Globus Medical Inc. Class A Common Stock,$94.87,0.49,0.519%,12831456948.00,United States,2012,678590,Health Care,Medical/Dental Instruments
GNRC,Generac Holdlings Inc. Common Stock,$220.93,2.55,1.168%,12963250459.00,United States,2010,653017,Consumer Discretionary,Metal Fabrications
GPC,Genuine Parts Company Common Stock,$108.74,-1.05,-0.956%,14965293023.00,United States,,1111035,Consumer Discretionary,Automotive Aftermarket
GPN,Global Payments Inc. Common Stock,$67.76,-0.10,-0.147%,18650466561.00,United States,,1519613,Real Estate,Real Estate
GRMN,Garmin Ltd. Common Stock (Switzerland),$259.39,-1.41,-0.541%,50032016047.00,Switzerland,2000,761521,Industrials,Industrial Machinery/Components
GS,Goldman Sachs Group Inc. (The) Common Stock,$926.91,-4.39,-0.471%,273432834779.00,United States,1999,1262820,Finance,Investment Bankers/Brokers/Service
GSK,GSK plc American Depositary Shares (Each representing two Ordinary Shares),$54.44,-1.19,-2.139%,111025619440.00,United Kingdom,2022,5048810,Health Care,Biotechnology: Pharmaceutical Preparations
GWRE,Guidewire Software Inc. Common Stock,$139.56,8.31,6.331%,11814796513.00,United States,2012,1377954,Technology,Computer Software: Prepackaged Software
GWW,W.W. Grainger Inc. Common Stock,$1147.99,-16.92,-1.452%,54334349480.00,United States,,283306,Industrials,Office Equipment/Supplies/Services
H,Hyatt Hotels Corporation Class A Common Stock,$164.26,-0.20,-0.122%,15463431308.00,United States,2009,643298,Consumer Discretionary,Hotels/Resorts
HAL,Halliburton Company Common Stock,$40.36,0.71,1.791%,33706954965.00,United States,,14359681,Energy,Oilfield Services/Equipment
HCA,HCA Healthcare Inc. Common Stock,$432.46,-41.57,-8.769%,96684635036.00,United States,2011,3318685,Health Care,Hospital/Nursing Management
HD,Home Depot Inc. (The) Common Stock,$335.89,-4.27,-1.255%,334555730046.00,United States,,3254578,Consumer Discretionary,RETAIL: Building Materials
HDB,HDFC Bank Limited Common Stock,$25.65,0.14,0.549%,131277379905.00,India,2001,5490800,Finance,Commercial Banks
HEI,Heico Corporation Common Stock,$264.04,-4.70,-1.749%,36838438072.00,United States,2000,476557,Industrials,Aerospace
HIG,The Hartford Insurance Group Inc. Common Stock,$134.45,-5.16,-3.696%,36976597920.00,United States,,2565718,Finance,Property-Casualty Insurers
HII,Huntington Ingalls Industries Inc. Common Stock,$359.29,-10.85,-2.931%,14147823769.00,United States,,556228,Industrials,Marine Transportation
HL,Hecla Mining Company Common Stock,$18.80,0.37,2.008%,12606638751.00,United States,,9764042,Industrials,Mining & Quarrying of Nonmetallic Minerals (No Fuels)
HLI,Houlihan Lokey Inc. Class A Common Stock,$158.00,-0.27,-0.171%,11026077242.00,United States,2015,279009,Finance,Investment Managers
HLN,Haleon plc American Depositary Shares (Each representing two Ordinary Shares),$9.58,0.05,0.525%,42661998437.00,United Kingdom,2022,5499504,Consumer Discretionary,Package Goods/Cosmetics
HLT,Hilton Worldwide Holdings Inc. Common Stock ,$335.63,1.35,0.404%,76790779664.00,United States,2016,1510053,Consumer Discretionary,Hotels/Resorts
HMC,Honda Motor Company Ltd. Common Stock,$24.34,-0.14,-0.572%,35264680994.00,Japan,,1379841,Industrials,Auto Manufacturing
HMY,Harmony Gold Mining Company Limited,$16.77,0.24,1.452%,10645054731.00,South Africa,,3744547,Basic Materials,Precious Metals
HPE,Hewlett Packard Enterprise Company Common Stock,$28.16,0.23,0.823%,37364211146.00,United States,2015,11108099,Technology,Retail: Computer Software & Peripheral Equipment
HPQ,HP Inc. Common Stock,$19.79,-0.35,-1.738%,18162962221.00,United States,,17242325,Technology,Computer Manufacturing
HRL,Hormel Foods Corporation Common Stock,$21.55,-0.21,-0.965%,11858624661.00,United States,,4432874,Consumer Staples,Meat/Poultry/Fish
HSBC,HSBC Holdings plc. Common Stock,$89.69,0.05,0.056%,308089452609.00,United Kingdom,,1167405,Finance,Savings Institutions
HSY,The Hershey Company Common Stock,$191.48,-0.62,-0.323%,38811263489.00,United States,,1607656,Consumer Staples,Specialty Foods
HUBB,Hubbell Inc Common Stock,$553.07,-4.78,-0.857%,29326389633.00,United States,2015,450871,Technology,Electrical Products
HUBS,HubSpot Inc. Common Stock,$223.32,8.63,4.02%,11778016500.00,United States,2014,874775,Technology,Computer Software: Prepackaged Software
HUM,Humana Inc. Common Stock,$215.23,0.28,0.13%,25955869977.00,United States,,1011734,Health Care,Medical Specialities
HWM,Howmet Aerospace Inc. Common Stock,$242.44,-3.72,-1.511%,97148994759.00,United States,,1452345,Industrials,Metal Fabrications
IAG,Iamgold Corporation Ordinary Shares,$17.23,0.12,0.701%,10031684526.00,Canada,,8470794,Basic Materials,Precious Metals
IBM,International Business Machines Corporation Common Stock,$231.98,0.90,0.389%,217605221040.00,United States,,9807928,Technology,Computer Manufacturing
IBN,ICICI Bank Limited Common Stock,$27.60,-0.45,-1.604%,98470445266.00,India,,9811606,Finance,Commercial Banks
ICE,Intercontinental Exchange Inc. Common Stock,$158.45,0.97,0.616%,89750954080.00,United States,2005,2975104,Finance,Investment Bankers/Brokers/Service
IEX,IDEX Corporation Common Stock,$204.74,-1.90,-0.919%,15192243600.00,United States,1989,505354,Industrials,Fluid Controls
IFF,International Flavors & Fragrances Inc. Common Stock,$71.14,0.20,0.282%,18174668425.00,United States,,996483,Industrials,Major Chemicals
IHG,Intercontinental Hotels Group American Depositary Shares (Each representing one Ordinary Share),$146.28,2.66,1.852%,22145563687.00,United Kingdom,,261230,Consumer Discretionary,Hotels/Resorts
INFY,Infosys Limited American Depositary Shares,$12.86,-0.08,-0.618%,53423183218.00,India,,22882484,Technology,EDP Services
ING,ING Group N.V. Common Stock,$27.95,0.23,0.83%,81123133380.00,Netherlands,1997,2423054,Finance,Commercial Banks
INVH,Invitation Homes Inc. Common Stock,$27.13,-0.17,-0.623%,16532644703.00,United States,2017,4235024,Finance,Real Estate
IONQ,IonQ Inc. Common Stock,$42.69,-0.94,-2.154%,15651893874.00,United States,2021,20553835,Technology,EDP Services
IOT,Samsara Inc. Class A Common Stock,$29.96,0.68,2.322%,17398260258.00,United States,2021,3676984,Technology,EDP Services
IP,International Paper Company Common Stock,$32.65,-0.89,-2.654%,17287724789.00,United States,,7837920,Basic Materials,Paper
IQV,IQVIA Holdings Inc. Common Stock,$162.28,1.60,0.996%,27541782514.00,United States,2013,1087270,Health Care,Biotechnology: Commercial Physical & Biological Resarch
IR,Ingersoll Rand Inc. Common Stock,$83.81,-1.14,-1.342%,32821504077.00,United States,2017,4511080,Industrials,Industrial Machinery/Components
IRM,Iron Mountain Incorporated (Delaware)Common Stock REIT,$116.03,-0.09,-0.078%,34516467137.00,United States,,1642980,Real Estate,Real Estate Investment Trusts
IT,Gartner Inc. Common Stock,$150.55,1.95,1.312%,10163659255.00,United States,1993,997028,Consumer Discretionary,Other Consumer Services
ITT,ITT Inc. Common Stock ,$218.62,-0.48,-0.219%,19545206469.00,United States,2011,470790,Industrials,Fluid Controls
ITUB,Itau Unibanco Banco Holding SA American Depositary Shares (Each repstg 500 Preferred shares),$8.85,0.04,0.454%,100515404006.00,Brazil,,13547420,Finance,Major Banks
ITW,Illinois Tool Works Inc. Common Stock,$269.29,-3.84,-1.406%,77576545086.00,United States,,1168331,Industrials,Industrial Machinery/Components
IVZ,Invesco Ltd Common Stock,$25.51,0.14,0.552%,11309114297.00,United States,,6218155,Finance,Investment Managers
IX,ORIX Corporation American Depositary Shares,$30.40,0.00,0.00%,35354052218.00,Japan,,198500,Finance,Diversified Financial Services
J,Jacobs Solutions Inc. Common Stock,$126.60,-0.98,-0.768%,14868753866.00,United States,2022,639834,Industrials,Military/Government/Technical
JBL,Jabil Inc. Common Stock,$341.65,3.12,0.922%,36044970806.00,United States,1993,1224983,Technology,Electrical Products
JBS,JBS N.V. Class A Common Shares,$16.62,-0.24,-1.423%,17797973463.00,,2025,6011547,Consumer Staples,Meat/Poultry/Fish
JCI,Johnson Controls International plc Ordinary Share,$141.92,0.19,0.134%,86855673247.00,Switzerland,,2228553,Industrials,Industrial Machinery/Components
JHX,James Hardie Industries plc. Ordinary Shares,$21.97,0.07,0.32%,12813782800.00,Ireland,2025,5430202,Industrials,Building Materials
JLL,Jones Lang LaSalle Incorporated Common Stock,$338.56,0.93,0.275%,15706852676.00,United States,,291348,Finance,Real Estate
JNJ,Johnson & Johnson Common Stock,$227.50,-3.15,-1.366%,547641860903.00,United States,,6065738,Health Care,Biotechnology: Pharmaceutical Preparations
JPM,JP Morgan Chase & Co. Common Stock,$308.28,-3.41,-1.094%,826874667228.00,United States,,5211487,Finance,Major Banks
KB,KB Financial Group Inc,$106.76,0.12,0.113%,39885612760.00,South Korea,,134961,Finance,Commercial Banks
KEP,Korea Electric Power Corporation Common Stock,$15.63,0.22,1.428%,20067797047.00,South Korea,1994,612558,Utilities,Electric Utilities: Central
KEY,KeyCorp Common Stock,$21.63,-0.38,-1.726%,23202364580.00,United States,,13608353,Finance,Major Banks
KEYS,Keysight Technologies Inc. Common Stock,$346.96,0.43,0.124%,59504505665.00,United States,2014,967764,Industrials,Industrial Machinery/Components
KGC,Kinross Gold Corporation Common Stock,$32.79,0.67,2.086%,39342853183.00,Canada,2001,5506191,Basic Materials,Precious Metals
KIM,Kimco Realty Corporation (HC) Common Stock,$23.69,-0.15,-0.629%,15976612092.00,United States,,4602816,Real Estate,Real Estate Investment Trusts
KKR,KKR & Co. Inc. Common Stock,$101.83,0.19,0.187%,90786627536.00,United States,,2419470,Finance,Investment Managers
KKRS,KKR Group Finance Co. IX LLC 4.625% Subordinated Notes due 2061,$16.98,-0.03,-0.176%,15138534180.00,United States,2021,13199,Finance,Investment Managers
KMI,Kinder Morgan Inc. Common Stock,$31.74,0.01,0.032%,70615751505.00,United States,2011,11311511,Utilities,Natural Gas Distribution
KNX,Knight-Swift Transportation Holdings Inc.,$65.20,-0.57,-0.867%,10592252537.00,United States,2017,2338129,Industrials,Trucking Freight/Courier Services
KO,Coca-Cola Company (The) Common Stock,$76.63,0.35,0.459%,329827234965.00,United States,,12004326,Consumer Staples,Beverages (Production/Distribution)
KR,Kroger Company (The) Common Stock,$67.23,-1.87,-2.706%,41186740832.00,United States,,3829825,Consumer Staples,Food Chains
KT,KT Corporation Common Stock,$21.67,-0.02,-0.092%,10654399880.00,South Korea,,1069014,Telecommunications,Telecommunications Equipment
KVUE,Kenvue Inc. Common Stock,$17.49,0.00,0.00%,33579336209.00,United States,2023,6578020,Consumer Discretionary,Specialty Chemicals
L,Loews Corporation Common Stock,$110.58,-1.84,-1.637%,22753792045.00,United States,,454788,Finance,Property-Casualty Insurers
LDOS,Leidos Holdings Inc. Common Stock,$146.06,-1.54,-1.043%,18420811001.00,United States,,799296,Technology,EDP Services
LEN,Lennar Corporation Class A Common Stock,$94.05,-0.13,-0.138%,23164354739.00,United States,,2311615,Consumer Discretionary,Homebuilding
LH,Labcorp Holdings Inc. Common Stock,$263.80,-1.12,-0.423%,21680942735.00,United States,,494413,Health Care,Medical Specialities
LHX,L3Harris Technologies Inc. Common Stock,$317.51,-12.71,-3.849%,59306389521.00,United States,,2350063,Industrials,Industrial Machinery/Components
LII,Lennox International Inc. Common Stock,$490.97,-2.70,-0.547%,17076580753.00,United States,1999,345128,Industrials,Industrial Machinery/Components
LLY,Eli Lilly and Company Common Stock,$883.96,-33.69,-3.671%,835182098049.00,United States,,4458874,Health Care,Biotechnology: Pharmaceutical Preparations
LMT,Lockheed Martin Corporation Common Stock,$513.45,-16.34,-3.084%,118330774487.00,United States,,3085076,Industrials,Military/Government/Technical
LNG,Cheniere Energy Inc. Common Stock,$257.09,-0.10,-0.039%,54024097678.00,United States,2001,1288855,Utilities,Oil/Gas Transmission
LOW,Lowe's Companies Inc. Common Stock,$244.45,-2.09,-0.848%,136907505219.00,United States,,2097896,Consumer Discretionary,RETAIL: Building Materials
LTM,LATAM Airlines Group S.A. American Depositary Shares (each representing two thousand (2000) shares of Common Stock),$50.00,-0.28,-0.557%,14355399600.00,Chile,2024,617476,Consumer Discretionary,Air Freight/Delivery Services
LUV,Southwest Airlines Company Common Stock,$39.45,1.70,4.503%,19372938259.00,United States,,9389310,Consumer Discretionary,Air Freight/Delivery Services
LVS,Las Vegas Sands Corp. Common Stock,$52.81,0.86,1.655%,35045677723.00,United States,2004,6143912,Consumer Discretionary,Hotels/Resorts
LYB,LyondellBasell Industries NV Ordinary Shares Class A (Netherlands),$69.87,-0.85,-1.202%,22551890013.00,Netherlands,,4764253,Industrials,Major Chemicals
LYG,Lloyds Banking Group Plc American Depositary Shares,$5.34,0.01,0.188%,79144214301.00,United Kingdom,,17090032,Finance,Commercial Banks
LYV,Live Nation Entertainment Inc. Common Stock,$156.64,3.43,2.239%,36779373062.00,United States,,2503701,Consumer Discretionary,Services-Misc. Amusement & Recreation
MA,Mastercard Incorporated Common Stock,$504.17,1.79,0.356%,449625012837.00,United States,2006,2406892,Real Estate,Real Estate
MAA,Mid-America Apartment Communities Inc. Common Stock,$125.66,-0.34,-0.27%,14620243940.00,United States,1994,529454,Real Estate,Real Estate Investment Trusts
MAIR,Madison Air Solutions Corporation Class A Common Stock,$33.83,-0.41,-1.197%,16540377575.00,,2026,1623013,Industrials,Pollution Control Equipment
MAS,Masco Corporation Common Stock,$74.18,-1.22,-1.618%,14964660537.00,United States,,4076735,Industrials,Industrial Specialties
MCD,McDonald's Corporation Common Stock,$299.36,-3.17,-1.048%,212793359616.00,United States,,3845798,Consumer Discretionary,Restaurants
MCK,McKesson Corporation Common Stock,$828.11,-7.99,-0.956%,101433087188.00,United States,,692318,Health Care,Other Pharmaceuticals
MCO,Moody's Corporation Common Stock,$456.05,3.70,0.818%,81178667194.00,United States,,792777,Finance,Finance: Consumer Services
MDT,Medtronic plc. Ordinary Shares,$83.32,-0.47,-0.561%,106973295200.00,United States,,6571075,Health Care,Biotechnology: Electromedical & Electrotherapeutic Apparatus
MET,MetLife Inc. Common Stock,$77.70,1.64,2.156%,50664585466.00,United States,2000,3533159,Finance,Life Insurance
MFC,Manulife Financial Corporation Common Stock,$38.74,0.09,0.233%,64957025486.00,Canada,,1494537,Finance,Life Insurance
MFG,Mizuho Financial Group Inc. Sponosred ADR (Japan),$8.11,-0.01,-0.123%,101895930847.00,Japan,,3678516,Finance,Major Banks
MGA,Magna International Inc. Common Stock,$62.94,0.74,1.19%,17737389336.00,Canada,,2175828,Consumer Discretionary,Auto Parts:O.E.M.
MGM,MGM Resorts International Common Stock,$39.54,0.60,1.541%,10116176304.00,United States,,3797975,Consumer Discretionary,Hotels/Resorts
MKC,McCormick & Company Incorporated Common Stock,$51.53,-0.36,-0.694%,13847397704.00,United States,,2023995,Consumer Staples,Packaged Foods
MKL,Markel Group Inc. Common Stock,$1912.45,-17.46,-0.905%,23995584736.00,United States,1986,53951,Finance,Property-Casualty Insurers
MLI,Mueller Industries Inc. Common Stock,$136.02,0.28,0.206%,15039814780.00,United States,,473282,Industrials,Metal Fabrications
MLM,Martin Marietta Materials Inc. Common Stock,$615.30,-3.59,-0.58%,37075644782.00,United States,1994,235438,Industrials,Mining & Quarrying of Nonmetallic Minerals (No Fuels)
MMM,3M Company Common Stock,$145.99,1.15,0.794%,76143604433.00,United States,,5930396,Health Care,Medical/Dental Instruments
MO,Altria Group Inc.,$66.88,-0.27,-0.402%,111777451160.00,United States,,9521017,Health Care, Medicinal Chemicals and Botanical Products 
MOD,Modine Manufacturing Company Common Stock,$251.70,1.13,0.451%,13272442285.00,United States,,511564,Consumer Discretionary,Auto Parts:O.E.M.
MP,MP Materials Corp. Common Stock,$60.73,-2.59,-4.09%,10789744239.00,United States,2020,5346493,Basic Materials,Metal Mining
MPC,Marathon Petroleum Corporation Common Stock,$224.14,3.04,1.375%,66162710313.00,United States,,1523600,Energy,Integrated oil Companies
MPLX,MPLX LP Common Units Representing Limited Partner Interests,$55.34,-0.27,-0.486%,56181408010.00,United States,2012,3443780,Energy,Natural Gas Distribution
MRK,Merck & Company Inc. Common Stock (new),$111.90,-2.72,-2.373%,276536766882.00,United States,,7058864,Health Care,Biotechnology: Pharmaceutical Preparations
MRSH,Marsh Common Stock,$170.10,-3.91,-2.247%,81953244620.00,United States,,1713778,Finance,Specialty Insurers
MS,Morgan Stanley Common Stock,$188.07,-0.58,-0.307%,297411418109.00,United States,,4528558,Finance,Investment Bankers/Brokers/Service
MSCI,MSCI Inc. Common Stock,$592.69,-5.32,-0.89%,43147832000.00,United States,,389257,Real Estate,Real Estate
MSI,Motorola Solutions Inc. Common Stock,$438.26,-4.91,-1.108%,72840394557.00,United States,,674856,Technology,Radio And Television Broadcasting And Communications Equipment
MT,Arcelor Mittal NY Registry Shares NEW,$59.71,0.17,0.286%,45446822652.00,Luxembourg,,1171567,Industrials,Steel/Iron Ore
MTB,M&T Bank Corporation Common Stock,$214.92,-4.78,-2.176%,32023134160.00,United States,,699753,Finance,Major Banks
MTD,Mettler-Toledo International Inc. Common Stock,$1282.45,18.09,1.431%,25967695237.00,Switzerland,1997,148652,Industrials,Biotechnology: Laboratory Analytical Instruments
MTZ,MasTec Inc. Common Stock,$376.12,-6.76,-1.766%,29648712888.00,United States,,719634,Industrials,Water Sewer Pipeline Comm & Power Line Construction
MUFG,Mitsubishi UFJ Financial Group Inc. Common Stock,$17.29,0.07,0.407%,205192721807.00,Japan,,2028949,Finance,Commercial Banks
NEE,NextEra Energy Inc. Common Stock,$95.28,-0.97,-1.008%,198687656024.00,United States,,9761155,Technology,EDP Services
NEM,Newmont Corporation,$120.70,9.64,8.68%,130347928791.00,United States,,12363671,Basic Materials,Precious Metals
NET,Cloudflare Inc. Class A Common Stock,$207.07,2.07,1.01%,72884560307.00,United States,2019,2076233,Technology,Computer Software: Prepackaged Software
NGG,National Grid Transco PLC National Grid PLC (NEW) American Depositary Shares,$87.42,0.46,0.529%,86747650769.00,United Kingdom,,692575,Utilities,Natural Gas Distribution
NI,NiSource Inc Common Stock,$47.99,-0.30,-0.621%,23004380198.00,United States,,3403077,Utilities,Power Generation
NIO,NIO Inc. American depositary shares each  representing one Class A ordinary share,$6.21,-0.07,-1.115%,15560192207.00,United States,2018,18832775,Industrials,Auto Manufacturing
NKE,Nike Inc. Common Stock,$44.69,-0.09,-0.201%,66180841505.00,United States,,15858827,Consumer Discretionary,Shoe Manufacturing
NLY,Annaly Capital Management Inc. Common Stock,$22.75,0.32,1.427%,16343303704.00,United States,,5341986,Real Estate,Real Estate Investment Trusts
NMR,Nomura Holdings Inc ADR American Depositary Shares,$7.87,-0.40,-4.837%,23265380295.00,Japan,,2020767,Finance,Investment Bankers/Brokers/Service
NOC,Northrop Grumman Corporation Common Stock,$575.11,-12.55,-2.136%,81684872382.00,United States,,1040433,Industrials,Industrial Machinery/Components
NOK,Nokia Corporation Sponsored American Depositary Shares,$10.46,0.13,1.258%,60063827220.00,Finland,1994,126477643,Technology,Radio And Television Broadcasting And Communications Equipment
NOW,ServiceNow Inc. Common Stock,$90.17,5.39,6.358%,93430147927.00,United States,2012,38942120,Technology,Computer Software: Prepackaged Software
NRG,NRG Energy Inc. Common Stock,$159.81,5.28,3.417%,34288288488.00,United States,,1986176,Utilities,Electric Utilities: Central
NSC,Norfolk Southern Corporation Common Stock,$319.71,-1.73,-0.538%,78273194494.00,United States,,896015,Industrials,Railroads
NTR,Nutrien Ltd. Common Shares,$71.57,-0.62,-0.859%,34494037016.00,Canada,2004,1616635,Industrials,Agricultural Chemicals
NU,Nu Holdings Ltd. Class A Ordinary Shares,$14.51,0.05,0.346%,70455824400.00,Cayman Islands,2021,27073721,Finance,Finance: Consumer Services
NUE,Nucor Corporation Common Stock,$214.29,1.34,0.629%,48801471153.00,United States,,1260168,Industrials,Steel/Iron Ore
NVO,Novo Nordisk A/S Common Stock,$41.17,2.65,6.88%,183824050000.00,Denmark,,24900880,Health Care,Biotechnology: Pharmaceutical Preparations
NVR,NVR Inc. Common Stock,$6503.95,-165.06,-2.475%,18068747070.00,United States,1998,15315,Consumer Discretionary,Homebuilding
NVS,Novartis AG Common Stock,$145.47,-2.01,-1.363%,277578824744.00,Switzerland,,1299722,Health Care,Biotechnology: Pharmaceutical Preparations
NVT,nVent Electric plc Ordinary Shares ,$142.17,-0.59,-0.413%,22988647169.00,United Kingdom,2018,2233289,Industrials,Industrial Machinery/Components
NWG,NatWest Group plc American Depositary Shares (each representing two (2) Ordinary Shares),$15.76,0.08,0.51%,64829089053.00,United Kingdom,2022,2400422,Finance,Commercial Banks
NYT,New York Times Company (The) Common Stock,$80.89,0.46,0.572%,13097462247.00,United States,,1348588,Consumer Discretionary,Newspapers/Magazines
O,Realty Income Corporation Common Stock,$63.33,-0.75,-1.17%,59052098651.00,United States,,4131655,Real Estate,Real Estate Investment Trusts
OC,Owens Corning Inc Common Stock New,$125.61,-0.05,-0.04%,10096929356.00,United States,,1046772,Industrials,Industrial Machinery/Components
OHI,Omega Healthcare Investors Inc. Common Stock,$46.41,0.06,0.129%,13820890342.00,United States,1992,2176072,Real Estate,Real Estate Investment Trusts
OKE,ONEOK Inc. Common Stock,$87.50,0.29,0.333%,55127679600.00,United States,,3192158,Utilities,Oil & Gas Production
OKLO,Oklo Inc. Class A common stock,$71.00,-5.46,-7.141%,12348308498.00,United States,2021,23178895,Utilities,Electric Utilities: Central
OMC,Omnicom Group Inc. Common Stock,$75.74,-1.08,-1.406%,21585065042.00,United States,,4047551,Consumer Discretionary,Advertising
ONON,On Holding AG Class A Ordinary Shares,$36.25,0.03,0.083%,23131669946.00,,2021,4438900,Consumer Discretionary,Shoe Manufacturing
ONTO,Onto Innovation Inc. Common Stock,$307.86,15.55,5.32%,15314054537.00,United States,,1127887,Industrials,Industrial Machinery/Components
ORCL,Oracle Corporation Common Stock,$173.28,-3.00,-1.702%,498361250880.00,United States,1986,33156687,Technology,Computer Software: Prepackaged Software
OTIS,Otis Worldwide Corporation Common Stock ,$77.95,-1.54,-1.937%,30066142050.00,United States,2020,3506820,Technology,Consumer Electronics/Appliances
OVV,Ovintiv Inc. (DE),$55.73,-0.85,-1.502%,15790285353.00,Canada,,2562602,Energy,Oil & Gas Production
OWL,Blue Owl Capital Inc. Class A Common Stock,$9.18,-0.24,-2.548%,14312081837.00,United States,2020,24113301,Finance,Investment Managers
OXY,Occidental Petroleum Corporation Common Stock,$57.12,-0.71,-1.228%,56645628739.00,United States,,7835216,Energy,Oil & Gas Production
P,Everpure Inc. Class A common stock,$71.43,1.45,2.072%,23604824230.00,United States,2015,2694992,Technology,Electronic Components
PAAS,Pan American Silver Corp. Common Stock,$55.99,0.87,1.578%,23621268083.00,Canada,,3967879,Basic Materials,Precious Metals
PAC,Grupo Aeroportuario Del Pacifico S.A. B. de C.V. Grupo Aeroportuario Del Pacifico S.A. de C.V. (each representing 10 Series B shares),$268.28,6.23,2.377%,13555583697.00,Mexico,2006,137175,Consumer Discretionary,Aerospace
PAG,Penske Automotive Group Inc. Common Stock,$160.42,0.42,0.263%,10547495487.00,United States,,233004,Consumer Discretionary,Retail-Auto Dealers and Gas Stations
PBA,Pembina Pipeline Corp. Ordinary Shares (Canada),$43.37,0.18,0.417%,25211178724.00,Canada,,884805,Energy,Oil & Gas Production
PBR,Petroleo Brasileiro S.A. Petrobras ADS,$20.87,-0.40,-1.881%,134493926371.00,Brazil,,15320573,Energy,Oil & Gas Production
PCG,Pacific Gas & Electric Co. Common Stock,$16.61,-0.22,-1.307%,43374800322.00,United States,,21735821,Utilities,Power Generation
PEG,Public Service Enterprise Group Incorporated Common Stock,$80.74,0.58,0.724%,40268260333.00,United States,,2018638,Utilities,Power Generation
PEN,Penumbra Inc. Common Stock,$329.89,-3.11,-0.934%,12945890754.00,United States,2015,352331,Health Care,Medical/Dental Instruments
PFE,Pfizer Inc. Common Stock,$27.00,0.33,1.237%,153585615483.00,United States,,42467681,Health Care,Biotechnology: Pharmaceutical Preparations
PFGC,Performance Food Group Company Common Stock,$90.28,0.06,0.067%,14182895102.00,United States,2015,1499930,Consumer Discretionary,Food Distributors
PG,Procter & Gamble Company (The) Common Stock,$148.18,2.47,1.695%,344370421503.00,United States,,13783988,Consumer Discretionary,Package Goods/Cosmetics
PGR,Progressive Corporation (The) Common Stock,$200.89,-4.44,-2.162%,117702727254.00,United States,,1916450,Finance,Property-Casualty Insurers
PH,Parker-Hannifin Corporation Common Stock,$974.47,0.59,0.061%,122994221015.00,United States,,447593,Industrials,Metal Fabrications
PHG,Koninklijke Philips N.V. NY Registry Shares,$27.47,-0.16,-0.579%,26131907017.00,Netherlands,,802878,Health Care,Medical Electronics
PHM,PulteGroup Inc. Common Stock,$127.56,-3.08,-2.358%,24439124730.00,United States,,1844822,Consumer Discretionary,Homebuilding
PINS,Pinterest Inc. Class A Common Stock,$19.92,0.13,0.657%,11469964585.00,United States,2019,11582867,Technology,Computer Software: Programming Data Processing
PKG,Packaging Corporation of America Common Stock,$212.87,-2.15,-1.00%,18951380568.00,United States,2000,1091762,Consumer Discretionary,Containers/Packaging
PKX,POSCO HOLDINGS INC. American Depositary Shares (Each representing 1/4th of a share of Common Stock),$70.15,1.92,2.814%,23184400186.00,South Korea,1994,127325,Industrials,Steel/Iron Ore
PL,Planet Labs PBC Class A Common Stock,$35.44,-2.85,-7.443%,12267521517.00,United States,2021,10624860,Technology,Radio And Television Broadcasting And Communications Equipment
PLD,Prologis Inc. Common Stock,$142.10,-0.24,-0.169%,132469979060.00,United States,,3264684,Real Estate,Real Estate Investment Trusts
PM,Philip Morris International Inc Common Stock,$164.20,-4.99,-2.949%,255606786872.00,United States,,5094698,Health Care, Medicinal Chemicals and Botanical Products 
PNC,PNC Financial Services Group Inc. (The) Common Stock,$219.86,-5.23,-2.324%,88685131131.00,United States,,1741856,Finance,Major Banks
PNFP,Pinnacle Financial Partners Inc. Common stock,$95.84,-3.24,-3.27%,14480374073.00,United States,,1435811,Finance,Major Banks
PNR,Pentair plc. Ordinary Share,$91.75,1.27,1.404%,14827056900.00,Switzerland,,2558151,Industrials,Industrial Machinery/Components
PNW,Pinnacle West Capital Corporation Common Stock,$102.30,-1.15,-1.112%,12380924200.00,United States,,765456,Utilities,Electric Utilities: Central
PPG,PPG Industries Inc. Common Stock,$109.80,-0.49,-0.444%,24573091770.00,United States,,1560019,Consumer Discretionary,Paints/Coatings
PPL,PPL Corporation Common Stock,$38.75,0.21,0.545%,29146397509.00,United States,,6394076,Utilities,Electric Utilities: Central
PPLC,PPL Corporation Corporate Units,$51.54,0.19,0.37%,38766589099.00,United States,,5632,Utilities,Electric Utilities: Central
PR,Permian Resources Corporation Class A Common Stock,$20.50,-0.36,-1.726%,17268491664.00,United States,2022,9564525,Energy,Oil & Gas Production
PRU,Prudential Financial Inc. Common Stock,$94.21,-0.14,-0.148%,32768000010.00,United States,2001,2157197,Finance,Life Insurance
PSA,Public Storage Common Stock,$308.29,-2.53,-0.814%,54117890965.00,United States,,1011651,Real Estate,Real Estate Investment Trusts
PSX,Phillips 66 Common Stock,$162.85,3.32,2.081%,65300014944.00,United States,,2434304,Energy,Integrated oil Companies
PUK,Prudential Public Limited Company Common Stock,$30.72,0.35,1.152%,39248470456.00,United Kingdom,,630842,Finance,Life Insurance
PWR,Quanta Services Inc. Common Stock,$624.84,-8.60,-1.358%,93761440925.00,United States,,740903,Industrials,Engineering & Construction
Q,Qnity Electronics Inc. Common Stock,$144.48,4.35,3.104%,30280468764.00,United States,2025,1598670,Technology,Semiconductors
QSR,Restaurant Brands International Inc. Common Shares,$80.90,-0.33,-0.406%,36879093254.00,Canada,2014,3284341,Consumer Discretionary,Restaurants
QXO,QXO Inc. Common Stock,$20.97,-1.13,-5.113%,14886496409.00,United States,,20732210,Consumer Discretionary,RETAIL: Building Materials
RACE,Ferrari N.V. Common Shares,$351.95,-2.24,-0.632%,82336778741.00,Italy,2015,332858,Industrials,Auto Manufacturing
RBA,RB Global Inc. Common Stock,$106.75,0.53,0.499%,19822621214.00,Canada,,1383257,Real Estate,Real Estate
RBC,RBC Bearings Incorporated Common Stock,$589.51,-11.88,-1.975%,18639693699.00,United States,2022,152460,Industrials,Metal Fabrications
RBLX,Roblox Corporation Class A Common Stock,$56.09,0.64,1.154%,39821997371.00,United States,2021,11973055,Technology,Computer Software: Prepackaged Software
RBRK,Rubrik Inc. Class A Common Stock,$52.28,1.25,2.45%,10759738226.00,United States,2024,2558048,Technology,Computer Software: Prepackaged Software
RCI,Rogers Communication Inc. Common Stock,$36.06,-1.29,-3.454%,19480487465.00,Canada,,1506464,Telecommunications,Cable & Other Pay Television Services
RCL,Royal Caribbean Cruises Ltd. Common Stock,$265.84,5.41,2.077%,71296352951.00,United States,1993,1742550,Consumer Discretionary,Marine Transportation
RDDT,Reddit Inc. Class A Common Stock,$154.89,1.93,1.262%,29589532584.00,United States,2024,3237410,Technology,EDP Services
RDY,Dr. Reddy's Laboratories Ltd Common Stock,$13.67,0.09,0.663%,11407004840.00,India,,2625828,Health Care,Biotechnology: Pharmaceutical Preparations
RELX,RELX PLC PLC American Depositary Shares (Each representing One Ordinary Share),$36.53,0.40,1.107%,66629897892.00,United Kingdom,2015,2822275,Real Estate,Real Estate
RF,Regions Financial Corporation Common Stock,$27.76,-0.64,-2.254%,24068387950.00,United States,,7250067,Finance,Major Banks
RGA,Reinsurance Group of America Incorporated Common Stock,$209.07,-0.51,-0.243%,13696015552.00,United States,,287789,Finance,Life Insurance
RIO,Rio Tinto Plc Common Stock,$99.61,0.76,0.769%,125111187378.00,Australia,2002,1535337,Basic Materials,Metal Mining
RJF,Raymond James Financial Inc. Common Stock,$153.42,0.01,0.007%,30237706897.00,United States,,1272309,Finance,Investment Bankers/Brokers/Service
RKT,Rocket Companies Inc. Class A Common Stock,$15.60,0.32,2.094%,43989119881.00,United States,2020,15391474,Finance,Finance: Consumer Services
RL,Ralph Lauren Corporation Common Stock,$371.24,0.10,0.027%,22473537962.00,United States,1997,359617,Industrials,Garments and Clothing
RMD,ResMed Inc. Common Stock,$219.85,0.34,0.155%,32027396460.00,United States,,797596,Health Care,Medical/Dental Instruments
RNR,RenaissanceRe Holdings Ltd. Common Stock,$309.38,-4.06,-1.295%,13350925119.00,Bermuda,,268156,Finance,Property-Casualty Insurers
ROK,Rockwell Automation Inc. Common Stock,$401.18,-7.73,-1.89%,45075745531.00,United States,,884951,Industrials,Industrial Machinery/Components
ROL,Rollins Inc. Common Stock,$56.60,-0.39,-0.684%,27280568570.00,United States,,2484534,Consumer Discretionary,Diversified Commercial Services
RPM,RPM International Inc. Common Stock,$104.98,-0.72,-0.681%,13398232804.00,United States,,983775,Consumer Discretionary,Paints/Coatings
RRX,Regal Rexnord Corporation Common Stock,$212.25,-1.22,-0.572%,14128522918.00,United States,1976,1064344,Consumer Discretionary,Metal Fabrications
RS,Reliance Inc. Common Stock,$351.68,7.13,2.069%,17973971270.00,United States,1994,446481,Industrials,Metal Fabrications
RSG,Republic Services Inc. Common Stock,$209.79,-4.25,-1.986%,64815919520.00,United States,1998,1061208,Utilities,Environmental Services
RTX,RTX Corporation Common Stock,$174.26,-5.04,-2.811%,234673054163.00,United States,,10494695,Industrials,Aerospace
RY,Royal Bank Of Canada Common Stock,$175.33,0.42,0.24%,244852686171.00,Canada,,2919196,Finance,Commercial Banks
SAN,Banco Santander S.A. Sponsored ADR (Spain),$11.96,0.07,0.589%,176041912295.00,Spain,,7618539,Finance,Commercial Banks
SAP,SAP  SE ADS,$175.26,12.01,7.357%,215307651700.00,Germany,,6846426,Technology,Computer Software: Prepackaged Software
SBS,Companhia de saneamento Basico Do Estado De Sao Paulo - Sabesp American Depositary Shares (Each repstg 250 Common Shares),$34.70,0.16,0.463%,24460260894.00,Brazil,2002,1498192,Utilities,Water Supply
SCCO,Southern Copper Corporation Common Stock,$180.43,-1.82,-0.999%,149046915348.00,United States,,1318946,Basic Materials,Metal Mining
SCHW,Charles Schwab Corporation (The) Common Stock,$88.50,-0.42,-0.472%,153821800529.00,United States,,11668965,Finance,Investment Bankers/Brokers/Service
SCI,Service Corporation International Common Stock,$87.73,1.36,1.575%,12170007279.00,United States,,1765498,Consumer Discretionary,Other Consumer Services
SE,Sea Limited American Depositary Shares each representing one Class A Ordinary Share,$85.44,2.09,2.507%,52330677560.00,United States,2017,3280735,Consumer Discretionary,Other Consumer Services
SF,Stifel Financial Corporation Common Stock,$77.19,0.30,0.39%,11871389273.00,United States,,1141968,Finance,Investment Bankers/Brokers/Service
SGI,Somnigroup International Inc. Common Stock,$79.06,-0.38,-0.478%,16629529733.00,United States,,2224633,Consumer Discretionary,Home Furnishings
SHEL,Shell PLC American Depositary Shares (each representing two (2) Ordinary Shares) ,$89.13,-0.14,-0.157%,258986487045.00,Netherlands,2022,4106453,Energy,Oil & Gas Production
SHG,Shinhan Financial Group Co Ltd American Depositary Shares,$66.38,-0.35,-0.525%,31673708146.00,South Korea,,215936,Finance,Major Banks
SHW,Sherwin-Williams Company (The) Common Stock,$337.70,0.04,0.012%,83534264920.00,United States,,1692916,Consumer Discretionary,RETAIL: Building Materials
SJM,The J.M. Smucker Company Common Stock,$96.07,-0.12,-0.125%,10245704006.00,United States,,1283535,Consumer Staples,Packaged Foods
SKM,SK Telecom Co. Ltd. Common Stock,$38.04,0.08,0.211%,14591383200.00,South Korea,,2481567,Telecommunications,Telecommunications Equipment
SLB,SLB Limited Common Shares,$56.15,1.41,2.576%,84368831257.00,France,,23290223,Energy,Oilfield Services/Equipment
SLF,Sun Life Financial Inc. Common Stock,$71.53,0.79,1.117%,39628551964.00,Canada,,598759,Finance,Life Insurance
SMFG,Sumitomo Mitsui Financial Group Inc Unsponsored American Depositary Shares (Japan),$20.20,0.10,0.498%,130776330413.00,Japan,,2136990,Finance,Commercial Banks
SN,SharkNinja Inc. Ordinary Shares,$115.74,1.05,0.916%,16423247090.00,United States,2023,980286,Consumer Discretionary,Consumer Electronics/Appliances
SNA,Snap-On Incorporated Common Stock,$378.42,-12.33,-3.155%,19699539738.00,United States,,591299,Consumer Discretionary,Industrial Machinery/Components
SNN,Smith & Nephew SNATS Inc. Common Stock,$31.57,-0.35,-1.096%,13412893656.00,United Kingdom,,1293399,Health Care,Industrial Specialties
SNOW,Snowflake Inc. Common Stock,$140.32,-6.08,-4.153%,48508624000.00,United States,2020,11748754,Technology,Computer Software: Prepackaged Software
SNX,TD SYNNEX Corporation Common Stock,$227.71,4.88,2.19%,18305855787.00,United States,2003,647007,Technology,Retail: Computer Software & Peripheral Equipment
SO,Southern Company (The) Common Stock,$93.49,-0.42,-0.447%,105486620439.00,United States,,3086502,Utilities,Electric Utilities: Central
SOJC,Southern Company (The) Series 2017B 5.25% Junior Subordinated Notes due December 1 2077,$21.80,0.02,0.092%,23981033473.00,United States,2017,12051,Utilities,Electric Utilities: Central
SOJD,Southern Company (The) Series 2020A 4.95% Junior Subordinated Notes due January 30 2080,$20.51,-0.03,-0.146%,22561972318.00,United States,2020,40878,Utilities,Electric Utilities: Central
SOJE,Southern Company (The) Series 2020C 4.20% Junior Subordinated Notes due October 15 2060,$17.52,-0.03,-0.171%,19176791712.00,United States,2020,66589,Basic Materials,Metal Mining
SOLV,Solventum Corporation Common Stock,$68.52,-0.44,-0.638%,11881728004.00,United States,2024,598231,Health Care,Medical/Dental Instruments
SOMN,Southern Company (The) 2025 Series A Corporate Units,$50.40,-0.68,-1.331%,56867319180.00,United States,,23764,Basic Materials,Metal Mining
SONY,Sony Group Corporation American Depositary Shares ,$20.28,-0.21,-1.025%,122187046543.00,Japan,,7407963,Consumer Staples,Consumer Electronics/Appliances
SPG,Simon Property Group Inc. Common Stock,$201.16,-2.50,-1.228%,65346461096.00,United States,,1045917,Real Estate,Real Estate Investment Trusts
SPGI,S&P Global Inc. Common Stock,$436.79,-2.24,-0.51%,132407165241.00,United States,,1781960,Finance,Finance: Consumer Services
SPOT,Spotify Technology S.A. Ordinary Shares,$518.00,2.06,0.399%,106621248986.00,Luxembourg,2018,1564759,Consumer Discretionary,Broadcasting
SPXC,SPX Technologies Inc. Common Stock,$222.82,-1.14,-0.509%,11180387891.00,United States,,279388,Industrials,Industrial Machinery/Components
SQM,Sociedad Quimica y Minera S.A. Common Stock,$88.79,3.34,3.909%,25361780972.00,Chile,1993,1201214,Industrials,Mining & Quarrying of Nonmetallic Minerals (No Fuels)
SRE,DBA Sempra Common Stock,$93.20,-0.71,-0.756%,60890594219.00,United States,,2723911,Utilities,Natural Gas Distribution
SREA,DBA Sempra 5.750% Junior Subordinated Notes due 2079,$21.69,0.00,0.00%,13732934029.00,United States,2019,28885,Utilities,Natural Gas Distribution
STE,STERIS plc (Ireland) Ordinary Shares,$221.80,-1.72,-0.77%,21753040545.00,United States,,446984,Health Care,Industrial Specialties
STLA,Stellantis N.V. Common Shares,$8.06,-0.23,-2.774%,23353714560.00,United Kingdom,2014,16864190,Industrials,Auto Manufacturing
STM,STMicroelectronics N.V. Common Stock,$50.47,0.76,1.529%,44856128631.00,Switzerland,,13564707,Technology,Semiconductors
STN,Stantec Inc Common Stock,$89.33,0.04,0.045%,10189604663.00,Canada,,181654,Consumer Discretionary,Military/Government/Technical
STT,State Street Corporation Common Stock,$150.74,-0.51,-0.337%,41743673445.00,United States,,1440480,Finance,Major Banks
STZ,Constellation Brands Inc. Common Stock,$156.00,-3.31,-2.078%,26862960852.00,United States,,1408977,Consumer Staples,Beverages (Production/Distribution)
SU,Suncor Energy  Inc. Common Stock,$64.00,-0.56,-0.867%,75962300608.00,Canada,,2817764,Energy,Integrated oil Companies
SUI,Sun Communities Inc. Common Stock,$129.83,0.23,0.177%,15998806140.00,United States,1993,636920,Real Estate,Real Estate Investment Trusts
SUN,Sunoco LP Common Units representing limited partner interests,$65.91,-0.28,-0.423%,13499866266.00,United States,2012,183805,Energy,Integrated oil Companies
SUNB,Sunbelt Rentals Holdings Inc. Common Stock,$76.88,0.53,0.694%,31774488855.00,,2026,2700948,Consumer Discretionary,Diversified Commercial Services
SUZ,Suzano S.A. American Depositary Shares (each representing One Ordinary Share),$9.10,-0.25,-2.674%,11503470297.00,Brazil,2018,2749172,Basic Materials,Paper
SW,Smurfit WestRock plc Ordinary Shares,$39.96,-0.56,-1.382%,20949179251.00,Ireland,2024,4488091,Consumer Discretionary,Containers/Packaging
SWK,Stanley Black & Decker Inc. Common Stock,$76.64,0.63,0.829%,11885290428.00,United States,,1770072,Consumer Discretionary,Industrial Machinery/Components
SYF,Synchrony Financial Common Stock,$76.30,-0.32,-0.418%,26521596088.00,United States,2014,4249849,Finance,Finance: Consumer Services
SYK,Stryker Corporation Common Stock,$327.51,-2.14,-0.649%,125431172700.00,United States,,1675331,Health Care,Medical/Dental Instruments
SYY,Sysco Corporation Common Stock,$76.56,0.75,0.989%,36666930487.00,United States,,4798640,Consumer Discretionary,Food Distributors
T,AT&T Inc.,$26.20,-0.41,-1.541%,182969174431.00,United States,,30594024,Telecommunications,Telecommunications Equipment
TAK,Takeda Pharmaceutical Company Limited American Depositary Shares (each representing 1/2 of a share of Common Stock),$16.63,-0.02,-0.12%,52339587226.00,Japan,2018,1472187,Health Care,Biotechnology: Pharmaceutical Preparations
TBB,AT&T Inc. 5.350% Global Notes due 2066,$21.64,0.05,0.232%,154734341787.00,United States,2017,53101,Telecommunications,Telecommunications Equipment
TD,Toronto Dominion Bank (The) Common Stock,$105.03,0.00,0.00%,175277181185.00,Canada,,2143706,Finance,Commercial Banks
TDG,Transdigm Group Incorporated Common Stock,$1148.18,-17.58,-1.508%,64841815565.00,United States,2006,633802,Industrials,Military/Government/Technical
TDY,Teledyne Technologies Incorporated Common Stock,$648.68,-3.07,-0.471%,30037329139.00,United States,,443047,Industrials,Industrial Machinery/Components
TECK,Teck Resources Ltd Ordinary Shares,$60.17,-0.58,-0.955%,29455792081.00,Canada,,3105354,Industrials,Mining & Quarrying of Nonmetallic Minerals (No Fuels)
TEL,TE Connectivity plc Ordinary Shares,$214.67,-3.06,-1.405%,62991535385.00,Ireland,,3335452,Technology,Electronic Components
TEVA,Teva Pharmaceutical Industries Limited American Depositary Shares,$30.64,-0.57,-1.826%,35677314201.00,Israel,,4826226,Health Care,Biotechnology: Pharmaceutical Preparations
TFC,Truist Financial Corporation Common Stock,$50.73,-0.67,-1.304%,62956424719.00,United States,,7320700,Finance,Major Banks
TFII,TFI International Inc. Common Shares,$138.93,1.06,0.769%,11413242876.00,Canada,,228235,Industrials,Trucking Freight/Courier Services
TGT,Target Corporation Common Stock,$129.26,-0.91,-0.699%,58536113434.00,United States,,3128385,Consumer Discretionary,Department/Specialty Retail Stores
THC,Tenet Healthcare Corporation Common Stock,$180.81,-7.52,-3.993%,15840469199.00,United States,,2653939,Health Care,Hospital/Nursing Management
TIMB,TIM S.A. American Depositary Shares (Each representing 5 Common Shares) ,$26.10,0.07,0.269%,12486897146.00,Brazil,2020,204473,Telecommunications,Telecommunications Equipment
TJX,TJX Companies Inc. (The) Common Stock,$157.03,-1.32,-0.834%,173802476998.00,United States,,3981351,Consumer Discretionary,Clothing/Shoe/Accessory Stores
TKO,TKO Group Holdings Inc. Class A Common Stock,$186.50,0.24,0.129%,36204303735.00,United States,2023,981397,Consumer Discretionary,Services-Misc. Amusement & Recreation
TLK,PT Telekomunikasi Indonesia Tbk,$16.69,-0.53,-3.078%,16533483951.00,Indonesia,,1302476,Telecommunications,Telecommunications Equipment
TM,Toyota Motor Corporation Common Stock,$192.32,-3.76,-1.918%,250957017337.00,Japan,,595914,Industrials,Auto Manufacturing
TME,Tencent Music Entertainment Group American Depositary Shares each representing two Class A Ordinary Shares,$9.34,0.09,0.973%,14700268030.00,United States,2018,6660718,Consumer Discretionary,Broadcasting
TMO,Thermo Fisher Scientific Inc Common Stock,$469.71,3.01,0.645%,174489864249.00,United States,,2684370,Industrials,Industrial Machinery/Components
TOL,Toll Brothers Inc. Common Stock,$146.64,-2.61,-1.749%,13887834480.00,United States,,829407,Consumer Discretionary,Homebuilding
TOST,Toast Inc. Class A Common Stock,$29.04,1.12,4.011%,17104560000.00,United States,2021,12284229,Technology,EDP Services
TPL,Texas Pacific Land Corporation Common Stock,$438.91,-0.24,-0.055%,30259137466.00,United States,,266432,Energy,Oil & Gas Production
TPR,Tapestry Inc. Common Stock,$145.89,-0.56,-0.382%,29537505493.00,United States,,1186964,Consumer Discretionary,Apparel
TRGP,Targa Resources Inc. Common Stock,$240.69,0.78,0.325%,51700685919.00,United States,2010,565910,Utilities,Natural Gas Distribution
TRP,TC Energy Corporation Common Stock,$62.02,1.15,1.889%,64608486380.00,Canada,,2875970,Utilities,Natural Gas Distribution
TRU,TransUnion Common Stock,$72.61,-0.47,-0.643%,14009409197.00,United States,2015,1416551,Finance,Finance: Consumer Services
TRV,The Travelers Companies Inc. Common Stock,$302.73,-4.60,-1.497%,64373927912.00,United States,,1694566,Finance,Property-Casualty Insurers
TS,Tenaris S.A. American Depositary Shares,$63.29,0.66,1.054%,33923279560.00,Luxembourg,,1425305,Industrials,Steel/Iron Ore
TSM,Taiwan Semiconductor Manufacturing Company Ltd.,$402.46,19.80,5.174%,2087360763664.00,Taiwan,1997,21572843,Technology,Semiconductors
TSN,Tyson Foods Inc. Common Stock,$64.03,-1.20,-1.84%,22543616193.00,United States,,2098992,Consumer Staples,Meat/Poultry/Fish
TT,Trane Technologies plc,$486.42,0.89,0.183%,107660265230.00,Ireland,,938902,Industrials,Auto Parts:O.E.M.
TTE,TotalEnergies SE Ordinary Shares,$89.73,-0.74,-0.818%,195778459673.00,France,,894180,Energy,Oil & Gas Production
TU,Telus Corporation Ordinary Shares,$12.31,-0.11,-0.886%,18846610000.00,Canada,,3314082,Telecommunications,Telecommunications Equipment
TWLO,Twilio Inc. Class A Common Stock,$143.79,2.20,1.554%,21786197916.00,United States,2016,1582664,Technology,Computer Software: Prepackaged Software
TXT,Textron Inc. Common Stock,$87.96,-2.41,-2.667%,15319327959.00,United States,,1219135,Industrials,Aerospace
TYL,Tyler Technologies Inc. Common Stock,$342.03,6.29,1.873%,14520439011.00,United States,,381683,Technology,Computer Software: Prepackaged Software
U,Unity Software Inc. Common Stock,$26.01,1.70,6.993%,11348944028.00,United States,2020,9128722,Technology,Computer Software: Prepackaged Software
UBER,Uber Technologies Inc. Common Stock,$74.64,-0.06,-0.08%,152485515042.00,United States,2019,12997538,Real Estate,Real Estate
UBS,UBS Group AG Registered Ordinary Shares,$41.41,0.37,0.902%,128027263499.00,Switzerland,2014,1695630,Finance,Major Banks
UDR,UDR Inc. Common Stock,$34.77,-0.14,-0.401%,11331335110.00,United States,,2863122,Real Estate,Real Estate Investment Trusts
UHAL,U-Haul Holding Company Common Stock,$52.59,-0.70,-1.314%,10311735709.00,United States,2022,163692,Consumer Discretionary,Rental/Leasing Companies
UHS,Universal Health Services Inc. Common Stock,$174.35,-6.83,-3.77%,10640533077.00,United States,,753737,Health Care,Hospital/Nursing Management
UI,Ubiquiti Inc. Common Stock,$1033.33,-4.54,-0.437%,62537952064.00,United States,,50365,Technology,Radio And Television Broadcasting And Communications Equipment
UL,Unilever PLC American Depositary Shares (each representing One Ordinary Share),$58.13,0.61,1.061%,129782805152.00,United Kingdom,2025,3309985,Consumer Discretionary,Package Goods/Cosmetics
ULS,UL Solutions Inc. Class A Common Stock,$90.19,0.70,0.782%,18146377264.00,United States,2024,684980,Health Care,Precision Instruments
UMC,United Microelectronics Corporation (NEW) Common Stock,$12.28,0.28,2.333%,30849119491.00,Taiwan,,10978370,Technology,Semiconductors
UNH,UnitedHealth Group Incorporated Common Stock (DE),$354.92,0.36,0.102%,322343021846.00,United States,,8551123,Health Care,Medical Specialities
UNM,Unum Group Common Stock,$77.48,-0.28,-0.36%,12687645819.00,United States,,1224578,Finance,Accident &Health Insurance
UNP,Union Pacific Corporation Common Stock,$268.70,-2.56,-0.944%,159521359210.00,United States,,3565728,Industrials,Railroads
UPS,United Parcel Service Inc. Common Stock,$107.02,-0.70,-0.65%,90886509937.00,United States,1999,4164277,Industrials,Trucking Freight/Courier Services
URI,United Rentals Inc. Common Stock,$974.41,-12.37,-1.254%,61043431606.00,United States,1997,1043610,Consumer Discretionary,Diversified Commercial Services
USB,U.S. Bancorp Common Stock,$55.58,-1.05,-1.854%,86354412508.00,United States,,6146885,Finance,Major Banks
USFD,US Foods Holding Corp. Common Stock,$93.20,0.37,0.399%,20526581894.00,United States,2016,1720554,Consumer Discretionary,Food Distributors
V,Visa Inc.,$309.42,0.54,0.175%,592851599463.00,United States,,5614327,Real Estate,Real Estate
VALE,VALE S.A.  American Depositary Shares Each Representing one common share,$17.17,0.03,0.175%,73307561441.00,Brazil,,26396796,Basic Materials,Metal Mining
VEEV,Veeva Systems Inc. Class A Common Stock,$161.13,4.98,3.189%,26317513234.00,United States,2013,1623887,Technology,Computer Software: Prepackaged Software
VG,Venture Global Inc. Class A common stock,$11.90,-1.05,-8.108%,29542566114.00,United States,2025,24200601,Utilities,Oil/Gas Transmission
VICI,VICI Properties Inc. Common Stock,$28.42,-0.09,-0.316%,30380667352.00,United States,2018,6289232,Real Estate,Real Estate Investment Trusts
VIK,Viking Holdings Ltd Ordinary Shares,$81.82,0.84,1.037%,36474213711.00,United States,2024,1778773,Consumer Discretionary,Marine Transportation
VIV,Telefonica Brasil S.A. American Depositary Shares (Each representing One Common Share),$16.05,0.07,0.438%,51289481950.00,Brazil,2020,743972,Telecommunications,Telecommunications Equipment
VLO,Valero Energy Corporation Common Stock,$235.85,2.02,0.864%,70508223305.00,United States,,1665348,Energy,Integrated oil Companies
VLTO,Veralto Corp Common Stock ,$88.62,-0.17,-0.191%,21761980669.00,United States,2023,1165154,Industrials,Electrical Products
VMC,Vulcan Materials Company (Holding Company) Common Stock,$292.07,-0.64,-0.219%,38104109650.00,United States,,699421,Industrials,Mining & Quarrying of Nonmetallic Minerals (No Fuels)
VRT,Vertiv Holdings LLC Class A Common Stock,$323.46,1.71,0.531%,124243837623.00,United States,2018,5271404,Technology,Industrial Machinery/Components
VST,Vistra Corp. Common Stock,$164.35,7.50,4.782%,55640576140.00,United States,,3475604,Utilities,Electric Utilities: Central
VTR,Ventas Inc. Common Stock,$83.62,0.69,0.832%,39758230526.00,United States,,4059202,Real Estate,Real Estate Investment Trusts
VZ,Verizon Communications Inc. Common Stock,$46.38,-0.84,-1.779%,195616191712.00,United States,,26588190,Telecommunications,Telecommunications Equipment
W,Wayfair Inc. Class A Common Stock,$78.78,1.84,2.391%,10300920181.00,United States,2014,2300892,Consumer Discretionary,Catalog/Specialty Distribution
WAB,Westinghouse Air Brake Technologies Corporation Common Stock,$267.06,-2.39,-0.887%,45314032023.00,United States,,774555,Industrials,Railroads
WAT,Waters Corporation Common Stock,$309.87,-1.33,-0.427%,30418540696.00,United States,1995,869648,Industrials,Biotechnology: Laboratory Analytical Instruments
WBS,Webster Financial Corporation Common Stock,$71.81,0.08,0.112%,11577681069.00,United States,,3040388,Finance,Major Banks
WCC,WESCO International Inc. Common Stock,$316.68,-1.51,-0.475%,15436310723.00,United States,1999,482524,Consumer Discretionary,Telecommunications Equipment
WCN,Waste Connections Inc. Common Shares,$166.07,-2.82,-1.67%,42322445276.00,Canada,,1428888,Utilities,Environmental Services
WDS,Woodside Energy Group Limited American Depositary Shares each representing one Ordinary Share,$23.04,0.01,0.043%,43801347295.00,Australia,2022,743439,Energy,Oil & Gas Production
WEC,WEC Energy Group Inc. Common Stock,$114.60,-0.97,-0.839%,37325175077.00,United States,,1510633,Utilities,Power Generation
WELL,Welltower Inc. Common Stock,$208.75,0.51,0.245%,147070739579.00,United States,,2272083,Real Estate,Real Estate Investment Trusts
WES,Western Midstream Partners LP Common Units Representing Limited Partner Interests,$41.04,-0.07,-0.17%,16156111491.00,United States,2012,943663,Utilities,Natural Gas Distribution
WF,Woori Financial Group Inc. American Depositary Shares (each representing three (3) shares of Common Stock),$67.14,-3.50,-4.955%,16360649418.00,South Korea,,201553,Finance,Commercial Banks
WFC,Wells Fargo & Company Common Stock,$79.42,-1.09,-1.354%,245040171888.00,United States,,15414075,Finance,Major Banks
WIT,Wipro Limited Common Stock,$2.04,0.01,0.493%,21363157540.00,India,,8579445,Technology,EDP Services
WLK,Westlake Corporation Common Stock,$110.64,-1.61,-1.434%,14171157334.00,United States,2004,1052411,Industrials,Major Chemicals
WM,Waste Management Inc. Common Stock,$229.53,-3.27,-1.405%,92480737721.00,United States,,1491377,Utilities,Environmental Services
WMB,Williams Companies Inc. (The) Common Stock,$72.18,0.53,0.74%,88263932774.00,United States,,4053354,Utilities,Natural Gas Distribution
WMS,Advanced Drainage Systems Inc. Common Stock,$151.97,-1.05,-0.686%,11837792052.00,United States,2014,1905110,Consumer Discretionary,Containers/Packaging
WPC,W. P. Carey Inc. REIT,$73.12,-0.60,-0.814%,16034365468.00,United States,,1440874,Real Estate,Real Estate Investment Trusts
WPM,Wheaton Precious Metals Corp Common Shares (Canada),$139.44,-2.11,-1.491%,63310913424.00,Canada,,1663258,Basic Materials,Precious Metals
WRB,W.R. Berkley Corporation Common Stock,$66.53,-1.92,-2.805%,25947963804.00,United States,,2211558,Finance,Property-Casualty Insurers
WSM,Williams-Sonoma Inc. Common Stock (DE),$190.55,-1.84,-0.956%,22678508137.00,United States,,830364,Consumer Discretionary,Home Furnishings
WSO,Watsco Inc. Common Stock,$440.64,3.15,0.72%,17891255687.00,United States,,313191,Consumer Discretionary,Industrial Machinery/Components
WST,West Pharmaceutical Services Inc. Common Stock,$306.16,-3.54,-1.143%,22068505718.00,United States,,1286038,Health Care,Medical/Dental Instruments
WTRG,Essential Utilities Inc. Common Stock,$39.52,-0.81,-2.008%,11196162105.00,United States,,6571105,Utilities,Water Supply
WTS,Watts Water Technologies Inc. Class A Common Stock,$301.21,-2.18,-0.719%,10055229272.00,United States,1986,676655,Industrials,Metal Fabrications
WY,Weyerhaeuser Company Common Stock,$25.03,0.03,0.12%,18047696503.00,United States,,3990030,Real Estate,Real Estate Investment Trusts
XOM,Exxon Mobil Corporation Common Stock,$148.91,-1.62,-1.076%,620472745786.00,United States,,13729412,Energy,Integrated oil Companies
XPEV,XPeng Inc. American depositary shares each representing two Class A ordinary shares,$16.66,0.76,4.78%,15924116138.00,China,2020,7611482,Industrials,Auto Manufacturing
XPO,XPO Inc. Common Stock,$223.68,-1.08,-0.481%,26261892570.00,United States,,747472,Consumer Discretionary,Transportation Services
XYL,Xylem Inc. Common Stock New,$121.46,-0.23,-0.189%,29531955051.00,United States,2011,2219721,Industrials,Fluid Controls
XYZ,Block Inc. Class A Common Stock,$71.63,1.70,2.431%,42913246480.00,United States,2015,3924300,Technology,Computer Software: Prepackaged Software
YPF,YPF Sociedad Anonima Common Stock,$42.94,-0.37,-0.854%,16888851331.00,Argentina,1993,1429589,Energy,Integrated oil Companies
YUM,Yum! Brands Inc.,$160.28,-0.45,-0.28%,44265052517.00,United States,,1199171,Consumer Discretionary,Restaurants
YUMC,Yum China Holdings Inc. Common Stock,$48.81,0.77,1.603%,17141935967.00,United States,2016,1070750,Consumer Discretionary,Restaurants
ZBH,Zimmer Biomet Holdings Inc. Common Stock,$91.26,-1.18,-1.277%,17665114423.00,United States,,2762308,Health Care,Industrial Specialties
ZTO,ZTO Express (Cayman) Inc. American Depositary Shares each representing one Class A ordinary share.,$25.73,0.22,0.862%,19809544831.00,China,2016,1372496,Industrials,Trucking Freight/Courier Services
ZTS,Zoetis Inc. Class A Common Stock,$116.87,0.81,0.698%,49160197267.00,United States,2013,4185099,Health Care,Biotechnology: Pharmaceutical Preparations
